estado,fecha,casos_acumulados_um,casos_acumulados_res,muertes_acumuladas_um,muertes_acumuladas_res,casos_nuevos_um,casos_nuevos_res,muertes_nuevas_um,muertes_nuevas_res
Aguascalientes,2020-03-15,1,NA,0,NA,1,NA,0,NA
Aguascalientes,2020-03-16,1,NA,0,NA,0,NA,0,NA
Aguascalientes,2020-03-17,1,NA,0,NA,0,NA,0,NA
Aguascalientes,2020-03-18,1,NA,0,NA,0,NA,0,NA
Aguascalientes,2020-03-19,4,NA,0,NA,3,NA,0,NA
Aguascalientes,2020-03-20,4,NA,0,NA,0,NA,0,NA
Aguascalientes,2020-03-21,4,NA,0,NA,0,NA,0,NA
Aguascalientes,2020-03-22,4,NA,0,NA,0,NA,0,NA
Aguascalientes,2020-03-23,6,NA,0,NA,2,NA,0,NA
Aguascalientes,2020-03-24,6,NA,0,NA,0,NA,0,NA
Aguascalientes,2020-03-25,12,NA,0,NA,6,NA,0,NA
Aguascalientes,2020-03-26,13,NA,0,NA,1,NA,0,NA
Aguascalientes,2020-03-27,19,NA,0,NA,6,NA,0,NA
Aguascalientes,2020-03-28,19,NA,0,NA,0,NA,0,NA
Aguascalientes,2020-03-29,24,NA,0,NA,5,NA,0,NA
Aguascalientes,2020-03-30,24,NA,0,NA,0,NA,0,NA
Aguascalientes,2020-03-31,36,NA,0,NA,12,NA,0,NA
Aguascalientes,2020-04-01,36,NA,0,NA,0,NA,0,NA
Aguascalientes,2020-04-02,47,NA,0,NA,11,NA,0,NA
Aguascalientes,2020-04-03,48,NA,0,NA,1,NA,0,NA
Aguascalientes,2020-04-04,49,NA,0,NA,1,NA,0,NA
Aguascalientes,2020-04-05,49,NA,0,NA,0,NA,0,NA
Aguascalientes,2020-04-06,49,NA,0,NA,0,NA,0,NA
Aguascalientes,2020-04-07,53,NA,0,NA,4,NA,0,NA
Aguascalientes,2020-04-08,53,NA,0,NA,0,NA,0,NA
Aguascalientes,2020-04-09,53,NA,0,NA,0,NA,0,NA
Aguascalientes,2020-04-10,53,NA,0,NA,0,NA,0,NA
Aguascalientes,2020-04-11,55,NA,1,NA,2,NA,1,NA
Aguascalientes,2020-04-12,55,55,1,1,0,NA,0,NA
Aguascalientes,2020-04-13,55,55,1,1,0,0,0,0
Aguascalientes,2020-04-14,65,65,1,1,10,10,0,0
Aguascalientes,2020-04-15,65,65,1,1,0,0,0,0
Aguascalientes,2020-04-16,71,71,2,2,6,6,1,1
Aguascalientes,2020-04-17,77,77,2,2,6,6,0,0
Aguascalientes,2020-04-18,77,77,2,2,0,0,0,0
Aguascalientes,2020-04-19,80,81,2,2,3,4,0,0
Aguascalientes,2020-04-20,80,81,2,2,0,0,0,0
Aguascalientes,2020-04-21,80,81,2,2,0,0,0,0
Aguascalientes,2020-04-22,99,100,2,2,19,19,0,0
Aguascalientes,2020-04-23,105,106,2,2,6,6,0,0
Aguascalientes,2020-04-24,145,146,2,2,40,40,0,0
Aguascalientes,2020-04-25,146,147,2,2,1,1,0,0
Aguascalientes,2020-04-26,148,148,2,2,2,1,0,0
Aguascalientes,2020-04-27,161,161,2,2,13,13,0,0
Aguascalientes,2020-04-28,167,167,2,2,6,6,0,0
Baja California,2020-03-18,2,NA,0,NA,2,NA,0,NA
Baja California,2020-03-19,2,NA,0,NA,0,NA,0,NA
Baja California,2020-03-20,4,NA,0,NA,2,NA,0,NA
Baja California,2020-03-21,8,NA,0,NA,4,NA,0,NA
Baja California,2020-03-22,11,NA,0,NA,3,NA,0,NA
Baja California,2020-03-23,13,NA,0,NA,2,NA,0,NA
Baja California,2020-03-24,13,NA,0,NA,0,NA,0,NA
Baja California,2020-03-25,14,NA,0,NA,1,NA,0,NA
Baja California,2020-03-26,19,NA,0,NA,5,NA,0,NA
Baja California,2020-03-27,20,NA,0,NA,1,NA,0,NA
Baja California,2020-03-28,20,NA,0,NA,0,NA,0,NA
Baja California,2020-03-29,23,NA,0,NA,3,NA,0,NA
Baja California,2020-03-30,27,NA,0,NA,4,NA,0,NA
Baja California,2020-03-31,35,NA,0,NA,8,NA,0,NA
Baja California,2020-04-01,37,NA,0,NA,2,NA,0,NA
Baja California,2020-04-02,40,NA,3,NA,3,NA,3,NA
Baja California,2020-04-03,52,NA,5,NA,12,NA,2,NA
Baja California,2020-04-04,54,NA,5,NA,2,NA,0,NA
Baja California,2020-04-05,69,NA,6,NA,15,NA,1,NA
Baja California,2020-04-06,111,NA,7,NA,42,NA,1,NA
Baja California,2020-04-07,136,NA,7,NA,25,NA,0,NA
Baja California,2020-04-08,225,NA,15,NA,89,NA,8,NA
Baja California,2020-04-09,239,NA,16,NA,14,NA,1,NA
Baja California,2020-04-10,258,NA,17,NA,19,NA,1,NA
Baja California,2020-04-11,278,NA,20,NA,20,NA,3,NA
Baja California,2020-04-12,335,336,22,22,57,NA,2,NA
Baja California,2020-04-13,368,367,25,25,33,31,3,3
Baja California,2020-04-14,412,411,28,28,44,44,3,3
Baja California,2020-04-15,464,463,28,28,52,52,0,0
Baja California,2020-04-16,505,504,31,30,41,41,3,2
Baja California,2020-04-17,536,534,33,32,31,30,2,2
Baja California,2020-04-18,610,608,68,67,74,74,35,35
Baja California,2020-04-19,680,679,75,74,70,71,7,7
Baja California,2020-04-20,741,740,75,74,61,61,0,0
Baja California,2020-04-21,915,914,100,99,174,174,25,25
Baja California,2020-04-22,992,985,118,117,77,71,18,18
Baja California,2020-04-23,1083,1075,126,125,91,90,8,8
Baja California,2020-04-24,1164,1156,146,145,81,81,20,20
Baja California,2020-04-25,1206,1197,162,160,42,41,16,15
Baja California,2020-04-26,1286,1271,162,160,80,74,0,0
Baja California,2020-04-27,1316,1301,167,165,30,30,5,5
Baja California,2020-04-28,1410,1391,186,184,94,90,19,19
Baja California Sur,2020-03-21,1,NA,0,NA,1,NA,0,NA
Baja California Sur,2020-03-22,1,NA,0,NA,0,NA,0,NA
Baja California Sur,2020-03-23,2,NA,0,NA,1,NA,0,NA
Baja California Sur,2020-03-24,2,NA,0,NA,0,NA,0,NA
Baja California Sur,2020-03-25,5,NA,0,NA,3,NA,0,NA
Baja California Sur,2020-03-26,7,NA,0,NA,2,NA,0,NA
Baja California Sur,2020-03-27,9,NA,0,NA,2,NA,0,NA
Baja California Sur,2020-03-28,9,NA,0,NA,0,NA,0,NA
Baja California Sur,2020-03-29,11,NA,0,NA,2,NA,0,NA
Baja California Sur,2020-03-30,13,NA,0,NA,2,NA,0,NA
Baja California Sur,2020-03-31,17,NA,0,NA,4,NA,0,NA
Baja California Sur,2020-04-01,18,NA,2,NA,1,NA,2,NA
Baja California Sur,2020-04-02,19,NA,2,NA,1,NA,0,NA
Baja California Sur,2020-04-03,21,NA,2,NA,2,NA,0,NA
Baja California Sur,2020-04-04,27,NA,2,NA,6,NA,0,NA
Baja California Sur,2020-04-05,28,NA,2,NA,1,NA,0,NA
Baja California Sur,2020-04-06,54,NA,2,NA,26,NA,0,NA
Baja California Sur,2020-04-07,56,NA,2,NA,2,NA,0,NA
Baja California Sur,2020-04-08,68,NA,2,NA,12,NA,0,NA
Baja California Sur,2020-04-09,68,NA,2,NA,0,NA,0,NA
Baja California Sur,2020-04-10,85,NA,2,NA,17,NA,0,NA
Baja California Sur,2020-04-11,102,NA,2,NA,17,NA,0,NA
Baja California Sur,2020-04-12,120,120,2,2,18,NA,0,NA
Baja California Sur,2020-04-13,153,153,3,3,33,33,1,1
Baja California Sur,2020-04-14,164,164,5,5,11,11,2,2
Baja California Sur,2020-04-15,165,165,6,6,1,1,1,1
Baja California Sur,2020-04-16,166,166,6,6,1,1,0,0
Baja California Sur,2020-04-17,169,169,6,6,3,3,0,0
Baja California Sur,2020-04-18,173,173,6,6,4,4,0,0
Baja California Sur,2020-04-19,193,193,7,7,20,20,1,1
Baja California Sur,2020-04-20,205,205,7,7,12,12,0,0
Baja California Sur,2020-04-21,228,228,9,9,23,23,2,2
Baja California Sur,2020-04-22,240,240,10,10,12,12,1,1
Baja California Sur,2020-04-23,241,241,11,11,1,1,1,1
Baja California Sur,2020-04-24,247,247,11,11,6,6,0,0
Baja California Sur,2020-04-25,266,266,12,12,19,19,1,1
Baja California Sur,2020-04-26,285,284,12,12,19,18,0,0
Baja California Sur,2020-04-27,286,285,13,13,1,1,1,1
Baja California Sur,2020-04-28,293,292,14,14,7,7,1,1
Campeche,2020-03-22,1,NA,0,NA,1,NA,0,NA
Campeche,2020-03-23,2,NA,0,NA,1,NA,0,NA
Campeche,2020-03-24,2,NA,0,NA,0,NA,0,NA
Campeche,2020-03-25,2,NA,0,NA,0,NA,0,NA
Campeche,2020-03-26,2,NA,0,NA,0,NA,0,NA
Campeche,2020-03-27,2,NA,0,NA,0,NA,0,NA
Campeche,2020-03-28,3,NA,0,NA,1,NA,0,NA
Campeche,2020-03-29,3,NA,0,NA,0,NA,0,NA
Campeche,2020-03-30,3,NA,0,NA,0,NA,0,NA
Campeche,2020-03-31,5,NA,0,NA,2,NA,0,NA
Campeche,2020-04-01,5,NA,0,NA,0,NA,0,NA
Campeche,2020-04-02,5,NA,0,NA,0,NA,0,NA
Campeche,2020-04-03,6,NA,0,NA,1,NA,0,NA
Campeche,2020-04-04,8,NA,0,NA,2,NA,0,NA
Campeche,2020-04-05,8,NA,0,NA,0,NA,0,NA
Campeche,2020-04-06,9,NA,0,NA,1,NA,0,NA
Campeche,2020-04-07,14,NA,1,NA,5,NA,1,NA
Campeche,2020-04-08,14,NA,1,NA,0,NA,0,NA
Campeche,2020-04-09,14,NA,1,NA,0,NA,0,NA
Campeche,2020-04-10,15,NA,1,NA,1,NA,0,NA
Campeche,2020-04-11,18,NA,1,NA,3,NA,0,NA
Campeche,2020-04-12,19,20,1,0,1,NA,0,NA
Campeche,2020-04-13,29,22,2,1,10,2,1,1
Campeche,2020-04-14,33,25,2,1,4,3,0,0
Campeche,2020-04-15,43,28,2,1,10,3,0,0
Campeche,2020-04-16,45,28,3,2,2,0,1,1
Campeche,2020-04-17,47,29,3,2,2,1,0,0
Campeche,2020-04-18,56,37,3,2,9,8,0,0
Campeche,2020-04-19,57,38,4,3,1,1,1,1
Campeche,2020-04-20,63,43,4,3,6,5,0,0
Campeche,2020-04-21,67,46,4,3,4,3,0,0
Campeche,2020-04-22,70,49,5,4,3,3,1,1
Campeche,2020-04-23,70,49,6,5,0,0,1,1
Campeche,2020-04-24,83,60,10,8,13,11,4,3
Campeche,2020-04-25,87,63,11,9,4,3,1,1
Campeche,2020-04-26,94,69,14,12,7,6,3,3
Campeche,2020-04-27,103,76,15,13,9,7,1,1
Campeche,2020-04-28,114,81,18,16,11,5,3,3
Ciudad de México,2020-02-28,2,NA,0,NA,2,NA,0,NA
Ciudad de México,2020-02-29,2,NA,0,NA,0,NA,0,NA
Ciudad de México,2020-03-01,2,NA,0,NA,0,NA,0,NA
Ciudad de México,2020-03-02,2,NA,0,NA,0,NA,0,NA
Ciudad de México,2020-03-03,2,NA,0,NA,0,NA,0,NA
Ciudad de México,2020-03-04,2,NA,0,NA,0,NA,0,NA
Ciudad de México,2020-03-05,2,NA,0,NA,0,NA,0,NA
Ciudad de México,2020-03-06,2,NA,0,NA,0,NA,0,NA
Ciudad de México,2020-03-07,3,NA,0,NA,1,NA,0,NA
Ciudad de México,2020-03-08,3,NA,0,NA,0,NA,0,NA
Ciudad de México,2020-03-09,3,NA,0,NA,0,NA,0,NA
Ciudad de México,2020-03-10,3,NA,0,NA,0,NA,0,NA
Ciudad de México,2020-03-11,5,NA,0,NA,2,NA,0,NA
Ciudad de México,2020-03-12,5,NA,0,NA,0,NA,0,NA
Ciudad de México,2020-03-13,11,NA,0,NA,6,NA,0,NA
Ciudad de México,2020-03-14,17,NA,0,NA,6,NA,0,NA
Ciudad de México,2020-03-15,18,NA,0,NA,1,NA,0,NA
Ciudad de México,2020-03-16,21,NA,0,NA,3,NA,0,NA
Ciudad de México,2020-03-17,21,NA,0,NA,0,NA,0,NA
Ciudad de México,2020-03-18,24,NA,0,NA,3,NA,0,NA
Ciudad de México,2020-03-19,31,NA,1,NA,7,NA,1,NA
Ciudad de México,2020-03-20,31,NA,1,NA,0,NA,0,NA
Ciudad de México,2020-03-21,45,NA,1,NA,14,NA,0,NA
Ciudad de México,2020-03-22,56,NA,1,NA,11,NA,0,NA
Ciudad de México,2020-03-23,60,NA,2,NA,4,NA,1,NA
Ciudad de México,2020-03-24,66,NA,3,NA,6,NA,1,NA
Ciudad de México,2020-03-25,82,NA,3,NA,16,NA,0,NA
Ciudad de México,2020-03-26,83,NA,3,NA,1,NA,0,NA
Ciudad de México,2020-03-27,107,NA,5,NA,24,NA,2,NA
Ciudad de México,2020-03-28,177,NA,7,NA,70,NA,2,NA
Ciudad de México,2020-03-29,196,NA,7,NA,19,NA,0,NA
Ciudad de México,2020-03-30,205,NA,8,NA,9,NA,1,NA
Ciudad de México,2020-03-31,234,NA,8,NA,29,NA,0,NA
Ciudad de México,2020-04-01,296,NA,8,NA,62,NA,0,NA
Ciudad de México,2020-04-02,327,NA,13,NA,31,NA,5,NA
Ciudad de México,2020-04-03,384,NA,15,NA,57,NA,2,NA
Ciudad de México,2020-04-04,469,NA,17,NA,85,NA,2,NA
Ciudad de México,2020-04-05,560,NA,19,NA,91,NA,2,NA
Ciudad de México,2020-04-06,609,NA,29,NA,49,NA,10,NA
Ciudad de México,2020-04-07,723,NA,32,NA,114,NA,3,NA
Ciudad de México,2020-04-08,855,NA,39,NA,132,NA,7,NA
Ciudad de México,2020-04-09,909,NA,43,NA,54,NA,4,NA
Ciudad de México,2020-04-10,1040,NA,46,NA,131,NA,3,NA
Ciudad de México,2020-04-11,1117,NA,49,NA,77,NA,3,NA
Ciudad de México,2020-04-12,1328,1173,56,51,211,NA,7,NA
Ciudad de México,2020-04-13,1437,1266,64,57,109,93,8,6
Ciudad de México,2020-04-14,1556,1374,92,84,119,108,28,27
Ciudad de México,2020-04-15,1686,1480,99,92,130,106,7,8
Ciudad de México,2020-04-16,1828,1592,110,102,142,112,11,10
Ciudad de México,2020-04-17,2080,1804,136,126,252,212,26,24
Ciudad de México,2020-04-18,2299,1984,178,161,219,180,42,35
Ciudad de México,2020-04-19,2591,2232,183,164,292,248,5,3
Ciudad de México,2020-04-20,2710,2323,188,166,119,91,5,2
Ciudad de México,2020-04-21,2857,2459,224,191,147,136,36,25
Ciudad de México,2020-04-22,3287,2815,251,212,430,356,27,21
Ciudad de México,2020-04-23,3685,3157,268,227,398,342,17,15
Ciudad de México,2020-04-24,4118,3532,297,251,433,375,29,24
Ciudad de México,2020-04-25,4431,3764,307,253,313,232,10,2
Ciudad de México,2020-04-26,4660,3966,309,254,229,202,2,1
Ciudad de México,2020-04-27,4887,4152,328,270,227,186,19,16
Ciudad de México,2020-04-28,5261,4474,348,288,374,322,20,18
Coahuila,2020-02-29,1,NA,0,NA,1,NA,0,NA
Coahuila,2020-03-01,1,NA,0,NA,0,NA,0,NA
Coahuila,2020-03-02,1,NA,0,NA,0,NA,0,NA
Coahuila,2020-03-03,1,NA,0,NA,0,NA,0,NA
Coahuila,2020-03-04,1,NA,0,NA,0,NA,0,NA
Coahuila,2020-03-05,1,NA,0,NA,0,NA,0,NA
Coahuila,2020-03-06,1,NA,0,NA,0,NA,0,NA
Coahuila,2020-03-07,1,NA,0,NA,0,NA,0,NA
Coahuila,2020-03-08,1,NA,0,NA,0,NA,0,NA
Coahuila,2020-03-09,1,NA,0,NA,0,NA,0,NA
Coahuila,2020-03-10,1,NA,0,NA,0,NA,0,NA
Coahuila,2020-03-11,1,NA,0,NA,0,NA,0,NA
Coahuila,2020-03-12,1,NA,0,NA,0,NA,0,NA
Coahuila,2020-03-13,1,NA,0,NA,0,NA,0,NA
Coahuila,2020-03-14,1,NA,0,NA,0,NA,0,NA
Coahuila,2020-03-15,1,NA,0,NA,0,NA,0,NA
Coahuila,2020-03-16,1,NA,0,NA,0,NA,0,NA
Coahuila,2020-03-17,1,NA,0,NA,0,NA,0,NA
Coahuila,2020-03-18,1,NA,0,NA,0,NA,0,NA
Coahuila,2020-03-19,1,NA,0,NA,0,NA,0,NA
Coahuila,2020-03-20,1,NA,0,NA,0,NA,0,NA
Coahuila,2020-03-21,3,NA,0,NA,2,NA,0,NA
Coahuila,2020-03-22,10,NA,0,NA,7,NA,0,NA
Coahuila,2020-03-23,12,NA,0,NA,2,NA,0,NA
Coahuila,2020-03-24,12,NA,0,NA,0,NA,0,NA
Coahuila,2020-03-25,12,NA,0,NA,0,NA,0,NA
Coahuila,2020-03-26,13,NA,0,NA,1,NA,0,NA
Coahuila,2020-03-27,14,NA,0,NA,1,NA,0,NA
Coahuila,2020-03-28,15,NA,0,NA,1,NA,0,NA
Coahuila,2020-03-29,32,NA,1,NA,17,NA,1,NA
Coahuila,2020-03-30,39,NA,1,NA,7,NA,0,NA
Coahuila,2020-03-31,44,NA,1,NA,5,NA,0,NA
Coahuila,2020-04-01,57,NA,2,NA,13,NA,1,NA
Coahuila,2020-04-02,62,NA,2,NA,5,NA,0,NA
Coahuila,2020-04-03,70,NA,3,NA,8,NA,1,NA
Coahuila,2020-04-04,72,NA,4,NA,2,NA,1,NA
Coahuila,2020-04-05,82,NA,4,NA,10,NA,0,NA
Coahuila,2020-04-06,102,NA,5,NA,20,NA,1,NA
Coahuila,2020-04-07,109,NA,5,NA,7,NA,0,NA
Coahuila,2020-04-08,122,NA,7,NA,13,NA,2,NA
Coahuila,2020-04-09,129,NA,7,NA,7,NA,0,NA
Coahuila,2020-04-10,143,NA,7,NA,14,NA,0,NA
Coahuila,2020-04-11,156,NA,11,NA,13,NA,4,NA
Coahuila,2020-04-12,157,161,11,12,1,NA,0,NA
Coahuila,2020-04-13,176,180,12,13,19,19,1,1
Coahuila,2020-04-14,194,198,12,13,18,18,0,0
Coahuila,2020-04-15,195,199,12,13,1,1,0,0
Coahuila,2020-04-16,214,220,15,16,19,21,3,3
Coahuila,2020-04-17,217,223,15,16,3,3,0,0
Coahuila,2020-04-18,232,238,18,19,15,15,3,3
Coahuila,2020-04-19,237,243,18,19,5,5,0,0
Coahuila,2020-04-20,254,260,18,19,17,17,0,0
Coahuila,2020-04-21,266,271,23,24,12,11,5,5
Coahuila,2020-04-22,279,284,27,28,13,13,4,4
Coahuila,2020-04-23,290,295,29,30,11,11,2,2
Coahuila,2020-04-24,312,317,32,33,22,22,3,3
Coahuila,2020-04-25,336,340,33,34,24,23,1,1
Coahuila,2020-04-26,344,348,33,34,8,8,0,0
Coahuila,2020-04-27,354,358,34,35,10,10,1,1
Coahuila,2020-04-28,364,368,38,39,10,10,4,4
Colima,2020-03-18,1,NA,0,NA,1,NA,0,NA
Colima,2020-03-19,1,NA,0,NA,0,NA,0,NA
Colima,2020-03-20,1,NA,0,NA,0,NA,0,NA
Colima,2020-03-21,2,NA,0,NA,1,NA,0,NA
Colima,2020-03-22,2,NA,0,NA,0,NA,0,NA
Colima,2020-03-23,2,NA,0,NA,0,NA,0,NA
Colima,2020-03-24,2,NA,0,NA,0,NA,0,NA
Colima,2020-03-25,2,NA,0,NA,0,NA,0,NA
Colima,2020-03-26,2,NA,0,NA,0,NA,0,NA
Colima,2020-03-27,2,NA,0,NA,0,NA,0,NA
Colima,2020-03-28,2,NA,0,NA,0,NA,0,NA
Colima,2020-03-29,2,NA,0,NA,0,NA,0,NA
Colima,2020-03-30,2,NA,0,NA,0,NA,0,NA
Colima,2020-03-31,2,NA,0,NA,0,NA,0,NA
Colima,2020-04-01,3,NA,0,NA,1,NA,0,NA
Colima,2020-04-02,3,NA,0,NA,0,NA,0,NA
Colima,2020-04-03,4,NA,0,NA,1,NA,0,NA
Colima,2020-04-04,4,NA,0,NA,0,NA,0,NA
Colima,2020-04-05,4,NA,0,NA,0,NA,0,NA
Colima,2020-04-06,4,NA,0,NA,0,NA,0,NA
Colima,2020-04-07,5,NA,0,NA,1,NA,0,NA
Colima,2020-04-08,7,NA,0,NA,2,NA,0,NA
Colima,2020-04-09,7,NA,0,NA,0,NA,0,NA
Colima,2020-04-10,7,NA,0,NA,0,NA,0,NA
Colima,2020-04-11,7,NA,0,NA,0,NA,0,NA
Colima,2020-04-12,7,7,0,0,0,NA,0,NA
Colima,2020-04-13,7,8,0,0,0,1,0,0
Colima,2020-04-14,7,8,0,0,0,0,0,0
Colima,2020-04-15,7,8,0,0,0,0,0,0
Colima,2020-04-16,7,8,0,0,0,0,0,0
Colima,2020-04-17,9,10,2,2,2,2,2,2
Colima,2020-04-18,10,11,2,2,1,1,0,0
Colima,2020-04-19,11,12,2,2,1,1,0,0
Colima,2020-04-20,11,12,2,2,0,0,0,0
Colima,2020-04-21,14,15,2,2,3,3,0,0
Colima,2020-04-22,14,15,2,2,0,0,0,0
Colima,2020-04-23,15,16,2,2,1,1,0,0
Colima,2020-04-24,15,16,2,2,0,0,0,0
Colima,2020-04-25,16,17,2,2,1,1,0,0
Colima,2020-04-26,18,19,2,2,2,2,0,0
Colima,2020-04-27,23,24,2,2,5,5,0,0
Colima,2020-04-28,25,26,2,2,2,2,0,0
Chiapas,2020-03-01,1,NA,0,NA,1,NA,0,NA
Chiapas,2020-03-02,1,NA,0,NA,0,NA,0,NA
Chiapas,2020-03-03,1,NA,0,NA,0,NA,0,NA
Chiapas,2020-03-04,1,NA,0,NA,0,NA,0,NA
Chiapas,2020-03-05,1,NA,0,NA,0,NA,0,NA
Chiapas,2020-03-06,1,NA,0,NA,0,NA,0,NA
Chiapas,2020-03-07,1,NA,0,NA,0,NA,0,NA
Chiapas,2020-03-08,1,NA,0,NA,0,NA,0,NA
Chiapas,2020-03-09,1,NA,0,NA,0,NA,0,NA
Chiapas,2020-03-10,1,NA,0,NA,0,NA,0,NA
Chiapas,2020-03-11,1,NA,0,NA,0,NA,0,NA
Chiapas,2020-03-12,1,NA,0,NA,0,NA,0,NA
Chiapas,2020-03-13,1,NA,0,NA,0,NA,0,NA
Chiapas,2020-03-14,1,NA,0,NA,0,NA,0,NA
Chiapas,2020-03-15,1,NA,0,NA,0,NA,0,NA
Chiapas,2020-03-16,1,NA,0,NA,0,NA,0,NA
Chiapas,2020-03-17,1,NA,0,NA,0,NA,0,NA
Chiapas,2020-03-18,1,NA,0,NA,0,NA,0,NA
Chiapas,2020-03-19,2,NA,0,NA,1,NA,0,NA
Chiapas,2020-03-20,2,NA,0,NA,0,NA,0,NA
Chiapas,2020-03-21,2,NA,0,NA,0,NA,0,NA
Chiapas,2020-03-22,2,NA,0,NA,0,NA,0,NA
Chiapas,2020-03-23,2,NA,0,NA,0,NA,0,NA
Chiapas,2020-03-24,2,NA,0,NA,0,NA,0,NA
Chiapas,2020-03-25,4,NA,0,NA,2,NA,0,NA
Chiapas,2020-03-26,4,NA,0,NA,0,NA,0,NA
Chiapas,2020-03-27,7,NA,0,NA,3,NA,0,NA
Chiapas,2020-03-28,6,NA,0,NA,-1,NA,0,NA
Chiapas,2020-03-29,10,NA,0,NA,4,NA,0,NA
Chiapas,2020-03-30,11,NA,0,NA,1,NA,0,NA
Chiapas,2020-03-31,13,NA,0,NA,2,NA,0,NA
Chiapas,2020-04-01,14,NA,0,NA,1,NA,0,NA
Chiapas,2020-04-02,15,NA,0,NA,1,NA,0,NA
Chiapas,2020-04-03,18,NA,0,NA,3,NA,0,NA
Chiapas,2020-04-04,19,NA,0,NA,1,NA,0,NA
Chiapas,2020-04-05,25,NA,0,NA,6,NA,0,NA
Chiapas,2020-04-06,26,NA,0,NA,1,NA,0,NA
Chiapas,2020-04-07,28,NA,0,NA,2,NA,0,NA
Chiapas,2020-04-08,32,NA,0,NA,4,NA,0,NA
Chiapas,2020-04-09,34,NA,0,NA,2,NA,0,NA
Chiapas,2020-04-10,38,NA,1,NA,4,NA,1,NA
Chiapas,2020-04-11,39,NA,1,NA,1,NA,0,NA
Chiapas,2020-04-12,43,43,3,3,4,NA,2,NA
Chiapas,2020-04-13,43,43,3,3,0,0,0,0
Chiapas,2020-04-14,45,45,3,3,2,2,0,0
Chiapas,2020-04-15,48,49,3,3,3,4,0,0
Chiapas,2020-04-16,54,55,3,3,6,6,0,0
Chiapas,2020-04-17,58,60,3,3,4,5,0,0
Chiapas,2020-04-18,62,64,3,3,4,4,0,0
Chiapas,2020-04-19,67,70,3,3,5,6,0,0
Chiapas,2020-04-20,68,71,3,3,1,1,0,0
Chiapas,2020-04-21,75,79,4,4,7,8,1,1
Chiapas,2020-04-22,83,87,4,4,8,8,0,0
Chiapas,2020-04-23,95,99,5,5,12,12,1,1
Chiapas,2020-04-24,100,104,6,6,5,5,1,1
Chiapas,2020-04-25,114,118,6,6,14,14,0,0
Chiapas,2020-04-26,118,122,6,6,4,4,0,0
Chiapas,2020-04-27,128,132,6,6,10,10,0,0
Chiapas,2020-04-28,137,141,6,6,9,9,0,0
Chihuahua,2020-03-17,1,NA,0,NA,1,NA,0,NA
Chihuahua,2020-03-18,1,NA,0,NA,0,NA,0,NA
Chihuahua,2020-03-19,1,NA,0,NA,0,NA,0,NA
Chihuahua,2020-03-20,2,NA,0,NA,1,NA,0,NA
Chihuahua,2020-03-21,2,NA,0,NA,0,NA,0,NA
Chihuahua,2020-03-22,5,NA,0,NA,3,NA,0,NA
Chihuahua,2020-03-23,5,NA,0,NA,0,NA,0,NA
Chihuahua,2020-03-24,6,NA,0,NA,1,NA,0,NA
Chihuahua,2020-03-25,6,NA,0,NA,0,NA,0,NA
Chihuahua,2020-03-26,6,NA,0,NA,0,NA,0,NA
Chihuahua,2020-03-27,6,NA,0,NA,0,NA,0,NA
Chihuahua,2020-03-28,6,NA,0,NA,0,NA,0,NA
Chihuahua,2020-03-29,6,NA,0,NA,0,NA,0,NA
Chihuahua,2020-03-30,6,NA,0,NA,0,NA,0,NA
Chihuahua,2020-03-31,7,NA,0,NA,1,NA,0,NA
Chihuahua,2020-04-01,11,NA,0,NA,4,NA,0,NA
Chihuahua,2020-04-02,11,NA,0,NA,0,NA,0,NA
Chihuahua,2020-04-03,12,NA,0,NA,1,NA,0,NA
Chihuahua,2020-04-04,13,NA,0,NA,1,NA,0,NA
Chihuahua,2020-04-05,15,NA,0,NA,2,NA,0,NA
Chihuahua,2020-04-06,22,NA,0,NA,7,NA,0,NA
Chihuahua,2020-04-07,22,NA,0,NA,0,NA,0,NA
Chihuahua,2020-04-08,29,NA,0,NA,7,NA,0,NA
Chihuahua,2020-04-09,42,NA,1,NA,13,NA,1,NA
Chihuahua,2020-04-10,54,NA,12,NA,12,NA,11,NA
Chihuahua,2020-04-11,54,NA,12,NA,0,NA,0,NA
Chihuahua,2020-04-12,61,62,12,12,7,NA,0,NA
Chihuahua,2020-04-13,67,68,13,13,6,6,1,1
Chihuahua,2020-04-14,69,70,16,16,2,2,3,3
Chihuahua,2020-04-15,83,84,20,20,14,14,4,4
Chihuahua,2020-04-16,108,107,23,23,25,23,3,3
Chihuahua,2020-04-17,115,114,26,26,7,7,3,3
Chihuahua,2020-04-18,131,130,31,30,16,16,5,4
Chihuahua,2020-04-19,148,146,32,31,17,16,1,1
Chihuahua,2020-04-20,152,150,32,31,4,4,0,0
Chihuahua,2020-04-21,155,153,36,35,3,3,4,4
Chihuahua,2020-04-22,176,174,39,38,21,21,3,3
Chihuahua,2020-04-23,194,193,42,41,18,19,3,3
Chihuahua,2020-04-24,213,212,46,45,19,19,4,4
Chihuahua,2020-04-25,241,240,57,56,28,28,11,11
Chihuahua,2020-04-26,259,258,58,57,18,18,1,1
Chihuahua,2020-04-27,272,271,59,58,13,13,1,1
Chihuahua,2020-04-28,315,314,68,67,43,43,9,9
Durango,2020-03-12,1,NA,0,NA,1,NA,0,NA
Durango,2020-03-13,1,NA,0,NA,0,NA,0,NA
Durango,2020-03-14,1,NA,0,NA,0,NA,0,NA
Durango,2020-03-15,1,NA,0,NA,0,NA,0,NA
Durango,2020-03-16,3,NA,0,NA,2,NA,0,NA
Durango,2020-03-17,3,NA,0,NA,0,NA,0,NA
Durango,2020-03-18,3,NA,0,NA,0,NA,0,NA
Durango,2020-03-19,3,NA,0,NA,0,NA,0,NA
Durango,2020-03-20,4,NA,1,NA,1,NA,1,NA
Durango,2020-03-21,5,NA,1,NA,1,NA,0,NA
Durango,2020-03-22,5,NA,1,NA,0,NA,0,NA
Durango,2020-03-23,5,NA,1,NA,0,NA,0,NA
Durango,2020-03-24,5,NA,1,NA,0,NA,0,NA
Durango,2020-03-25,5,NA,1,NA,0,NA,0,NA
Durango,2020-03-26,5,NA,1,NA,0,NA,0,NA
Durango,2020-03-27,7,NA,1,NA,2,NA,0,NA
Durango,2020-03-28,7,NA,1,NA,0,NA,0,NA
Durango,2020-03-29,7,NA,1,NA,0,NA,0,NA
Durango,2020-03-30,7,NA,1,NA,0,NA,0,NA
Durango,2020-03-31,7,NA,1,NA,0,NA,0,NA
Durango,2020-04-01,7,NA,1,NA,0,NA,0,NA
Durango,2020-04-02,8,NA,1,NA,1,NA,0,NA
Durango,2020-04-03,8,NA,1,NA,0,NA,0,NA
Durango,2020-04-04,10,NA,2,NA,2,NA,1,NA
Durango,2020-04-05,12,NA,3,NA,2,NA,1,NA
Durango,2020-04-06,12,NA,4,NA,0,NA,1,NA
Durango,2020-04-07,15,NA,4,NA,3,NA,0,NA
Durango,2020-04-08,15,NA,4,NA,0,NA,0,NA
Durango,2020-04-09,16,NA,4,NA,1,NA,0,NA
Durango,2020-04-10,16,NA,4,NA,0,NA,0,NA
Durango,2020-04-11,16,NA,4,NA,0,NA,0,NA
Durango,2020-04-12,16,18,4,4,0,NA,0,NA
Durango,2020-04-13,16,18,4,4,0,0,0,0
Durango,2020-04-14,15,17,3,3,-1,-1,-1,-1
Durango,2020-04-15,16,18,4,4,1,1,1,1
Durango,2020-04-16,17,18,4,4,1,0,0,0
Durango,2020-04-17,19,20,4,4,2,2,0,0
Durango,2020-04-18,19,20,4,4,0,0,0,0
Durango,2020-04-19,21,22,4,4,2,2,0,0
Durango,2020-04-20,22,23,4,4,1,1,0,0
Durango,2020-04-21,30,31,4,4,8,8,0,0
Durango,2020-04-22,33,33,5,5,3,2,1,1
Durango,2020-04-23,39,38,5,5,6,5,0,0
Durango,2020-04-24,41,40,5,5,2,2,0,0
Durango,2020-04-25,43,42,6,6,2,2,1,1
Durango,2020-04-26,45,44,6,6,2,2,0,0
Durango,2020-04-27,46,45,6,6,1,1,0,0
Durango,2020-04-28,57,56,6,6,11,11,0,0
Guanajuato,2020-03-17,1,NA,0,NA,1,NA,0,NA
Guanajuato,2020-03-18,4,NA,0,NA,3,NA,0,NA
Guanajuato,2020-03-19,4,NA,0,NA,0,NA,0,NA
Guanajuato,2020-03-20,4,NA,0,NA,0,NA,0,NA
Guanajuato,2020-03-21,4,NA,0,NA,0,NA,0,NA
Guanajuato,2020-03-22,4,NA,0,NA,0,NA,0,NA
Guanajuato,2020-03-23,7,NA,0,NA,3,NA,0,NA
Guanajuato,2020-03-24,12,NA,0,NA,5,NA,0,NA
Guanajuato,2020-03-25,19,NA,0,NA,7,NA,0,NA
Guanajuato,2020-03-26,23,NA,0,NA,4,NA,0,NA
Guanajuato,2020-03-27,31,NA,0,NA,8,NA,0,NA
Guanajuato,2020-03-28,37,NA,0,NA,6,NA,0,NA
Guanajuato,2020-03-29,37,NA,0,NA,0,NA,0,NA
Guanajuato,2020-03-30,43,NA,0,NA,6,NA,0,NA
Guanajuato,2020-03-31,46,NA,0,NA,3,NA,0,NA
Guanajuato,2020-04-01,49,NA,0,NA,3,NA,0,NA
Guanajuato,2020-04-02,50,NA,0,NA,1,NA,0,NA
Guanajuato,2020-04-03,52,NA,0,NA,2,NA,0,NA
Guanajuato,2020-04-04,53,NA,0,NA,1,NA,0,NA
Guanajuato,2020-04-05,53,NA,0,NA,0,NA,0,NA
Guanajuato,2020-04-06,58,NA,0,NA,5,NA,0,NA
Guanajuato,2020-04-07,61,NA,1,NA,3,NA,1,NA
Guanajuato,2020-04-08,67,NA,1,NA,6,NA,0,NA
Guanajuato,2020-04-09,71,NA,1,NA,4,NA,0,NA
Guanajuato,2020-04-10,78,NA,1,NA,7,NA,0,NA
Guanajuato,2020-04-11,81,NA,5,NA,3,NA,4,NA
Guanajuato,2020-04-12,82,83,5,5,1,NA,0,NA
Guanajuato,2020-04-13,88,89,5,5,6,6,0,0
Guanajuato,2020-04-14,90,91,5,5,2,2,0,0
Guanajuato,2020-04-15,91,92,5,5,1,1,0,0
Guanajuato,2020-04-16,96,97,6,6,5,5,1,1
Guanajuato,2020-04-17,113,114,7,7,17,17,1,1
Guanajuato,2020-04-18,116,118,9,9,3,4,2,2
Guanajuato,2020-04-19,133,134,9,9,17,16,0,0
Guanajuato,2020-04-20,150,151,9,9,17,17,0,0
Guanajuato,2020-04-21,158,159,9,9,8,8,0,0
Guanajuato,2020-04-22,173,173,9,9,15,14,0,0
Guanajuato,2020-04-23,182,183,14,14,9,10,5,5
Guanajuato,2020-04-24,192,193,17,17,10,10,3,3
Guanajuato,2020-04-25,198,198,19,19,6,5,2,2
Guanajuato,2020-04-26,206,206,20,20,8,8,1,1
Guanajuato,2020-04-27,215,216,21,21,9,10,1,1
Guanajuato,2020-04-28,219,221,21,21,4,5,0,0
Guerrero,2020-03-16,2,NA,0,NA,2,NA,0,NA
Guerrero,2020-03-17,2,NA,0,NA,0,NA,0,NA
Guerrero,2020-03-18,2,NA,0,NA,0,NA,0,NA
Guerrero,2020-03-19,4,NA,0,NA,2,NA,0,NA
Guerrero,2020-03-20,4,NA,0,NA,0,NA,0,NA
Guerrero,2020-03-21,4,NA,0,NA,0,NA,0,NA
Guerrero,2020-03-22,4,NA,0,NA,0,NA,0,NA
Guerrero,2020-03-23,5,NA,0,NA,1,NA,0,NA
Guerrero,2020-03-24,6,NA,0,NA,1,NA,0,NA
Guerrero,2020-03-25,7,NA,0,NA,1,NA,0,NA
Guerrero,2020-03-26,7,NA,0,NA,0,NA,0,NA
Guerrero,2020-03-27,7,NA,0,NA,0,NA,0,NA
Guerrero,2020-03-28,10,NA,0,NA,3,NA,0,NA
Guerrero,2020-03-29,13,NA,0,NA,3,NA,0,NA
Guerrero,2020-03-30,13,NA,0,NA,0,NA,0,NA
Guerrero,2020-03-31,15,NA,0,NA,2,NA,0,NA
Guerrero,2020-04-01,17,NA,1,NA,2,NA,1,NA
Guerrero,2020-04-02,22,NA,1,NA,5,NA,0,NA
Guerrero,2020-04-03,24,NA,1,NA,2,NA,0,NA
Guerrero,2020-04-04,25,NA,1,NA,1,NA,0,NA
Guerrero,2020-04-05,30,NA,2,NA,5,NA,1,NA
Guerrero,2020-04-06,32,NA,3,NA,2,NA,1,NA
Guerrero,2020-04-07,37,NA,3,NA,5,NA,0,NA
Guerrero,2020-04-08,47,NA,4,NA,10,NA,1,NA
Guerrero,2020-04-09,49,NA,5,NA,2,NA,1,NA
Guerrero,2020-04-10,54,NA,6,NA,5,NA,1,NA
Guerrero,2020-04-11,56,NA,6,NA,2,NA,0,NA
Guerrero,2020-04-12,70,73,6,6,14,NA,0,NA
Guerrero,2020-04-13,77,80,6,6,7,7,0,0
Guerrero,2020-04-14,88,91,6,6,11,11,0,0
Guerrero,2020-04-15,97,100,8,8,9,9,2,2
Guerrero,2020-04-16,100,103,9,9,3,3,1,1
Guerrero,2020-04-17,110,112,11,11,10,9,2,2
Guerrero,2020-04-18,110,112,11,11,0,0,0,0
Guerrero,2020-04-19,121,124,12,12,11,12,1,1
Guerrero,2020-04-20,126,129,14,14,5,5,2,2
Guerrero,2020-04-21,126,130,16,16,0,1,2,2
Guerrero,2020-04-22,137,142,17,18,11,12,1,2
Guerrero,2020-04-23,157,163,22,23,20,21,5,5
Guerrero,2020-04-24,165,171,28,30,8,8,6,7
Guerrero,2020-04-25,171,177,29,31,6,6,1,1
Guerrero,2020-04-26,193,200,29,31,22,23,0,0
Guerrero,2020-04-27,207,215,30,32,14,15,1,1
Guerrero,2020-04-28,232,239,36,39,25,24,6,7
Hidalgo,2020-03-19,2,NA,0,NA,2,NA,0,NA
Hidalgo,2020-03-20,2,NA,0,NA,0,NA,0,NA
Hidalgo,2020-03-21,3,NA,0,NA,1,NA,0,NA
Hidalgo,2020-03-22,5,NA,0,NA,2,NA,0,NA
Hidalgo,2020-03-23,7,NA,0,NA,2,NA,0,NA
Hidalgo,2020-03-24,7,NA,0,NA,0,NA,0,NA
Hidalgo,2020-03-25,7,NA,0,NA,0,NA,0,NA
Hidalgo,2020-03-26,12,NA,0,NA,5,NA,0,NA
Hidalgo,2020-03-27,12,NA,0,NA,0,NA,0,NA
Hidalgo,2020-03-28,12,NA,1,NA,0,NA,1,NA
Hidalgo,2020-03-29,17,NA,2,NA,5,NA,1,NA
Hidalgo,2020-03-30,17,NA,2,NA,0,NA,0,NA
Hidalgo,2020-03-31,19,NA,3,NA,2,NA,1,NA
Hidalgo,2020-04-01,21,NA,3,NA,2,NA,0,NA
Hidalgo,2020-04-02,26,NA,3,NA,5,NA,0,NA
Hidalgo,2020-04-03,30,NA,3,NA,4,NA,0,NA
Hidalgo,2020-04-04,32,NA,5,NA,2,NA,2,NA
Hidalgo,2020-04-05,34,NA,5,NA,2,NA,0,NA
Hidalgo,2020-04-06,35,NA,5,NA,1,NA,0,NA
Hidalgo,2020-04-07,41,NA,6,NA,6,NA,1,NA
Hidalgo,2020-04-08,46,NA,7,NA,5,NA,1,NA
Hidalgo,2020-04-09,47,NA,7,NA,1,NA,0,NA
Hidalgo,2020-04-10,51,NA,7,NA,4,NA,0,NA
Hidalgo,2020-04-11,53,NA,8,NA,2,NA,1,NA
Hidalgo,2020-04-12,58,59,9,7,5,NA,1,NA
Hidalgo,2020-04-13,58,59,9,7,0,0,0,0
Hidalgo,2020-04-14,64,64,10,8,6,5,1,1
Hidalgo,2020-04-15,64,66,12,10,0,2,2,2
Hidalgo,2020-04-16,67,69,12,10,3,3,0,0
Hidalgo,2020-04-17,70,75,13,11,3,6,1,1
Hidalgo,2020-04-18,75,80,13,12,5,5,0,1
Hidalgo,2020-04-19,87,93,14,13,12,13,1,1
Hidalgo,2020-04-20,92,98,15,14,5,5,1,1
Hidalgo,2020-04-21,106,113,16,15,14,15,1,1
Hidalgo,2020-04-22,113,125,16,15,7,12,0,0
Hidalgo,2020-04-23,115,128,15,14,2,3,-1,-1
Hidalgo,2020-04-24,144,155,17,16,29,27,2,2
Hidalgo,2020-04-25,155,165,17,16,11,10,0,0
Hidalgo,2020-04-26,174,182,18,17,19,17,1,1
Hidalgo,2020-04-27,182,190,21,19,8,8,3,2
Hidalgo,2020-04-28,218,226,27,26,36,36,6,7
Jalisco,2020-03-14,2,NA,0,NA,2,NA,0,NA
Jalisco,2020-03-15,2,NA,0,NA,0,NA,0,NA
Jalisco,2020-03-16,2,NA,0,NA,0,NA,0,NA
Jalisco,2020-03-17,5,NA,0,NA,3,NA,0,NA
Jalisco,2020-03-18,6,NA,0,NA,1,NA,0,NA
Jalisco,2020-03-19,22,NA,0,NA,16,NA,0,NA
Jalisco,2020-03-20,28,NA,0,NA,6,NA,0,NA
Jalisco,2020-03-21,32,NA,0,NA,4,NA,0,NA
Jalisco,2020-03-22,41,NA,0,NA,9,NA,0,NA
Jalisco,2020-03-23,46,NA,1,NA,5,NA,1,NA
Jalisco,2020-03-24,46,NA,1,NA,0,NA,0,NA
Jalisco,2020-03-25,46,NA,1,NA,0,NA,0,NA
Jalisco,2020-03-26,64,NA,2,NA,18,NA,1,NA
Jalisco,2020-03-27,77,NA,3,NA,13,NA,1,NA
Jalisco,2020-03-28,82,NA,3,NA,5,NA,0,NA
Jalisco,2020-03-29,83,NA,3,NA,1,NA,0,NA
Jalisco,2020-03-30,90,NA,3,NA,7,NA,0,NA
Jalisco,2020-03-31,94,NA,3,NA,4,NA,0,NA
Jalisco,2020-04-01,99,NA,3,NA,5,NA,0,NA
Jalisco,2020-04-02,104,NA,4,NA,5,NA,1,NA
Jalisco,2020-04-03,116,NA,6,NA,12,NA,2,NA
Jalisco,2020-04-04,120,NA,6,NA,4,NA,0,NA
Jalisco,2020-04-05,123,NA,6,NA,3,NA,0,NA
Jalisco,2020-04-06,126,NA,7,NA,3,NA,1,NA
Jalisco,2020-04-07,135,NA,7,NA,9,NA,0,NA
Jalisco,2020-04-08,139,NA,8,NA,4,NA,1,NA
Jalisco,2020-04-09,139,NA,8,NA,0,NA,0,NA
Jalisco,2020-04-10,144,NA,9,NA,5,NA,1,NA
Jalisco,2020-04-11,150,NA,11,NA,6,NA,2,NA
Jalisco,2020-04-12,156,158,11,11,6,NA,0,NA
Jalisco,2020-04-13,159,161,11,11,3,3,0,0
Jalisco,2020-04-14,165,166,11,11,6,5,0,0
Jalisco,2020-04-15,176,178,11,11,11,12,0,0
Jalisco,2020-04-16,178,180,11,11,2,2,0,0
Jalisco,2020-04-17,190,189,13,13,12,9,2,2
Jalisco,2020-04-18,196,195,13,13,6,6,0,0
Jalisco,2020-04-19,198,197,13,13,2,2,0,0
Jalisco,2020-04-20,216,215,14,14,18,18,1,1
Jalisco,2020-04-21,226,225,15,15,10,10,1,1
Jalisco,2020-04-22,236,235,15,15,10,10,0,0
Jalisco,2020-04-23,256,254,19,19,20,19,4,4
Jalisco,2020-04-24,263,263,20,20,7,9,1,1
Jalisco,2020-04-25,271,271,23,23,8,8,3,3
Jalisco,2020-04-26,282,282,25,25,11,11,2,2
Jalisco,2020-04-27,303,303,25,25,21,21,0,0
Jalisco,2020-04-28,316,316,25,25,13,13,0,0
México,2020-03-06,1,NA,0,NA,1,NA,0,NA
México,2020-03-07,1,NA,0,NA,0,NA,0,NA
México,2020-03-08,1,NA,0,NA,0,NA,0,NA
México,2020-03-09,1,NA,0,NA,0,NA,0,NA
México,2020-03-10,1,NA,0,NA,0,NA,0,NA
México,2020-03-11,2,NA,0,NA,1,NA,0,NA
México,2020-03-12,3,NA,0,NA,1,NA,0,NA
México,2020-03-13,3,NA,0,NA,0,NA,0,NA
México,2020-03-14,3,NA,0,NA,0,NA,0,NA
México,2020-03-15,4,NA,0,NA,1,NA,0,NA
México,2020-03-16,9,NA,0,NA,5,NA,0,NA
México,2020-03-17,10,NA,0,NA,1,NA,0,NA
México,2020-03-18,10,NA,0,NA,0,NA,0,NA
México,2020-03-19,10,NA,0,NA,0,NA,0,NA
México,2020-03-20,14,NA,0,NA,4,NA,0,NA
México,2020-03-21,14,NA,0,NA,0,NA,0,NA
México,2020-03-22,22,NA,0,NA,8,NA,0,NA
México,2020-03-23,22,NA,0,NA,0,NA,0,NA
México,2020-03-24,22,NA,0,NA,0,NA,0,NA
México,2020-03-25,26,NA,0,NA,4,NA,0,NA
México,2020-03-26,46,NA,0,NA,20,NA,0,NA
México,2020-03-27,70,NA,0,NA,24,NA,0,NA
México,2020-03-28,85,NA,0,NA,15,NA,0,NA
México,2020-03-29,119,NA,0,NA,34,NA,0,NA
México,2020-03-30,136,NA,1,NA,17,NA,1,NA
México,2020-03-31,149,NA,1,NA,13,NA,0,NA
México,2020-04-01,157,NA,1,NA,8,NA,0,NA
México,2020-04-02,171,NA,1,NA,14,NA,0,NA
México,2020-04-03,177,NA,1,NA,6,NA,0,NA
México,2020-04-04,180,NA,3,NA,3,NA,2,NA
México,2020-04-05,204,NA,3,NA,24,NA,0,NA
México,2020-04-06,261,NA,8,NA,57,NA,5,NA
México,2020-04-07,320,NA,9,NA,59,NA,1,NA
México,2020-04-08,354,NA,11,NA,34,NA,2,NA
México,2020-04-09,399,NA,11,NA,45,NA,0,NA
México,2020-04-10,470,NA,16,NA,71,NA,5,NA
México,2020-04-11,498,NA,19,NA,28,NA,3,NA
México,2020-04-12,523,653,22,29,25,NA,3,NA
México,2020-04-13,558,704,27,35,35,51,5,6
México,2020-04-14,602,759,35,44,44,55,8,9
México,2020-04-15,659,837,43,51,57,78,8,7
México,2020-04-16,695,903,46,55,36,66,3,4
México,2020-04-17,754,1002,49,60,59,99,3,5
México,2020-04-18,786,1071,52,69,32,69,3,9
México,2020-04-19,877,1207,55,74,91,136,3,5
México,2020-04-20,901,1258,58,79,24,51,3,5
México,2020-04-21,1013,1381,71,102,112,123,13,23
México,2020-04-22,1157,1593,82,119,144,212,11,17
México,2020-04-23,1245,1734,95,134,88,141,13,15
México,2020-04-24,1445,1992,104,147,200,258,9,13
México,2020-04-25,1608,2238,110,159,163,246,6,12
México,2020-04-26,1694,2355,116,166,86,117,6,7
México,2020-04-27,1753,2455,122,177,59,100,6,11
México,2020-04-28,1966,2722,128,186,213,267,6,9
Michoacán,2020-03-22,3,NA,0,NA,3,NA,0,NA
Michoacán,2020-03-23,7,NA,0,NA,4,NA,0,NA
Michoacán,2020-03-24,8,NA,0,NA,1,NA,0,NA
Michoacán,2020-03-25,10,NA,0,NA,2,NA,0,NA
Michoacán,2020-03-26,11,NA,0,NA,1,NA,0,NA
Michoacán,2020-03-27,16,NA,1,NA,5,NA,1,NA
Michoacán,2020-03-28,17,NA,1,NA,1,NA,0,NA
Michoacán,2020-03-29,17,NA,1,NA,0,NA,0,NA
Michoacán,2020-03-30,17,NA,1,NA,0,NA,0,NA
Michoacán,2020-03-31,21,NA,1,NA,4,NA,0,NA
Michoacán,2020-04-01,24,NA,1,NA,3,NA,0,NA
Michoacán,2020-04-02,24,NA,1,NA,0,NA,0,NA
Michoacán,2020-04-03,24,NA,1,NA,0,NA,0,NA
Michoacán,2020-04-04,29,NA,1,NA,5,NA,0,NA
Michoacán,2020-04-05,30,NA,3,NA,1,NA,2,NA
Michoacán,2020-04-06,33,NA,3,NA,3,NA,0,NA
Michoacán,2020-04-07,34,NA,4,NA,1,NA,1,NA
Michoacán,2020-04-08,36,NA,5,NA,2,NA,1,NA
Michoacán,2020-04-09,46,NA,5,NA,10,NA,0,NA
Michoacán,2020-04-10,46,NA,7,NA,0,NA,2,NA
Michoacán,2020-04-11,50,NA,8,NA,4,NA,1,NA
Michoacán,2020-04-12,61,61,9,9,11,NA,1,NA
Michoacán,2020-04-13,62,62,9,9,1,1,0,0
Michoacán,2020-04-14,67,68,11,11,5,6,2,2
Michoacán,2020-04-15,70,71,12,12,3,3,1,1
Michoacán,2020-04-16,84,85,13,13,14,14,1,1
Michoacán,2020-04-17,99,100,14,14,15,15,1,1
Michoacán,2020-04-18,107,108,16,16,8,8,2,2
Michoacán,2020-04-19,115,116,17,17,8,8,1,1
Michoacán,2020-04-20,127,128,17,17,12,12,0,0
Michoacán,2020-04-21,139,139,19,19,12,11,2,2
Michoacán,2020-04-22,146,145,21,20,7,6,2,1
Michoacán,2020-04-23,168,166,24,23,22,21,3,3
Michoacán,2020-04-24,179,177,26,25,11,11,2,2
Michoacán,2020-04-25,195,193,28,27,16,16,2,2
Michoacán,2020-04-26,210,204,31,30,15,11,3,3
Michoacán,2020-04-27,219,213,34,33,9,9,3,3
Michoacán,2020-04-28,258,250,37,35,39,37,3,2
Morelos,2020-03-20,2,NA,0,NA,2,NA,0,NA
Morelos,2020-03-21,2,NA,0,NA,0,NA,0,NA
Morelos,2020-03-22,2,NA,0,NA,0,NA,0,NA
Morelos,2020-03-23,2,NA,0,NA,0,NA,0,NA
Morelos,2020-03-24,2,NA,0,NA,0,NA,0,NA
Morelos,2020-03-25,2,NA,0,NA,0,NA,0,NA
Morelos,2020-03-26,4,NA,0,NA,2,NA,0,NA
Morelos,2020-03-27,4,NA,0,NA,0,NA,0,NA
Morelos,2020-03-28,4,NA,0,NA,0,NA,0,NA
Morelos,2020-03-29,6,NA,1,NA,2,NA,1,NA
Morelos,2020-03-30,6,NA,1,NA,0,NA,0,NA
Morelos,2020-03-31,7,NA,1,NA,1,NA,0,NA
Morelos,2020-04-01,9,NA,1,NA,2,NA,0,NA
Morelos,2020-04-02,9,NA,3,NA,0,NA,2,NA
Morelos,2020-04-03,12,NA,3,NA,3,NA,0,NA
Morelos,2020-04-04,14,NA,3,NA,2,NA,0,NA
Morelos,2020-04-05,15,NA,3,NA,1,NA,0,NA
Morelos,2020-04-06,17,NA,3,NA,2,NA,0,NA
Morelos,2020-04-07,24,NA,4,NA,7,NA,1,NA
Morelos,2020-04-08,26,NA,5,NA,2,NA,1,NA
Morelos,2020-04-09,35,NA,7,NA,9,NA,2,NA
Morelos,2020-04-10,35,NA,7,NA,0,NA,0,NA
Morelos,2020-04-11,40,NA,7,NA,5,NA,0,NA
Morelos,2020-04-12,44,48,7,7,4,NA,0,NA
Morelos,2020-04-13,49,54,7,7,5,6,0,0
Morelos,2020-04-14,53,58,9,9,4,4,2,2
Morelos,2020-04-15,56,62,10,10,3,4,1,1
Morelos,2020-04-16,58,65,10,10,2,3,0,0
Morelos,2020-04-17,73,81,10,10,15,16,0,0
Morelos,2020-04-18,77,86,11,11,4,5,1,1
Morelos,2020-04-19,82,91,12,12,5,5,1,1
Morelos,2020-04-20,85,95,12,12,3,4,0,0
Morelos,2020-04-21,89,99,14,15,4,4,2,3
Morelos,2020-04-22,96,106,18,19,7,7,4,4
Morelos,2020-04-23,112,123,20,21,16,17,2,2
Morelos,2020-04-24,135,146,24,25,23,23,4,4
Morelos,2020-04-25,158,169,25,26,23,23,1,1
Morelos,2020-04-26,178,190,27,28,20,21,2,2
Morelos,2020-04-27,181,194,27,28,3,4,0,0
Morelos,2020-04-28,229,244,28,29,48,50,1,1
Nayarit,2020-03-21,1,NA,0,NA,1,NA,0,NA
Nayarit,2020-03-22,1,NA,0,NA,0,NA,0,NA
Nayarit,2020-03-23,1,NA,0,NA,0,NA,0,NA
Nayarit,2020-03-24,1,NA,0,NA,0,NA,0,NA
Nayarit,2020-03-25,4,NA,0,NA,3,NA,0,NA
Nayarit,2020-03-26,4,NA,0,NA,0,NA,0,NA
Nayarit,2020-03-27,5,NA,0,NA,1,NA,0,NA
Nayarit,2020-03-28,5,NA,0,NA,0,NA,0,NA
Nayarit,2020-03-29,5,NA,0,NA,0,NA,0,NA
Nayarit,2020-03-30,6,NA,0,NA,1,NA,0,NA
Nayarit,2020-03-31,6,NA,0,NA,0,NA,0,NA
Nayarit,2020-04-01,8,NA,1,NA,2,NA,1,NA
Nayarit,2020-04-02,8,NA,1,NA,0,NA,0,NA
Nayarit,2020-04-03,8,NA,1,NA,0,NA,0,NA
Nayarit,2020-04-04,9,NA,1,NA,1,NA,0,NA
Nayarit,2020-04-05,9,NA,1,NA,0,NA,0,NA
Nayarit,2020-04-06,10,NA,1,NA,1,NA,0,NA
Nayarit,2020-04-07,10,NA,1,NA,0,NA,0,NA
Nayarit,2020-04-08,12,NA,1,NA,2,NA,0,NA
Nayarit,2020-04-09,16,NA,3,NA,4,NA,2,NA
Nayarit,2020-04-10,19,NA,3,NA,3,NA,0,NA
Nayarit,2020-04-11,21,NA,4,NA,2,NA,1,NA
Nayarit,2020-04-12,22,24,4,4,1,NA,0,NA
Nayarit,2020-04-13,25,27,4,4,3,3,0,0
Nayarit,2020-04-14,25,28,4,4,0,1,0,0
Nayarit,2020-04-15,27,29,5,5,2,1,1,1
Nayarit,2020-04-16,29,31,5,5,2,2,0,0
Nayarit,2020-04-17,31,35,5,5,2,4,0,0
Nayarit,2020-04-18,33,37,5,5,2,2,0,0
Nayarit,2020-04-19,35,39,5,5,2,2,0,0
Nayarit,2020-04-20,37,41,5,5,2,2,0,0
Nayarit,2020-04-21,41,45,5,5,4,4,0,0
Nayarit,2020-04-22,43,47,6,6,2,2,1,1
Nayarit,2020-04-23,49,54,7,7,6,7,1,1
Nayarit,2020-04-24,51,56,7,7,2,2,0,0
Nayarit,2020-04-25,53,59,7,7,2,3,0,0
Nayarit,2020-04-26,57,63,7,7,4,4,0,0
Nayarit,2020-04-27,58,64,7,7,1,1,0,0
Nayarit,2020-04-28,61,67,11,11,3,3,4,4
Nuevo León,2020-03-12,1,NA,0,NA,1,NA,0,NA
Nuevo León,2020-03-13,1,NA,0,NA,0,NA,0,NA
Nuevo León,2020-03-14,3,NA,0,NA,2,NA,0,NA
Nuevo León,2020-03-15,5,NA,0,NA,2,NA,0,NA
Nuevo León,2020-03-16,13,NA,0,NA,8,NA,0,NA
Nuevo León,2020-03-17,14,NA,0,NA,1,NA,0,NA
Nuevo León,2020-03-18,19,NA,0,NA,5,NA,0,NA
Nuevo León,2020-03-19,19,NA,0,NA,0,NA,0,NA
Nuevo León,2020-03-20,29,NA,0,NA,10,NA,0,NA
Nuevo León,2020-03-21,32,NA,0,NA,3,NA,0,NA
Nuevo León,2020-03-22,35,NA,0,NA,3,NA,0,NA
Nuevo León,2020-03-23,40,NA,0,NA,5,NA,0,NA
Nuevo León,2020-03-24,52,NA,0,NA,12,NA,0,NA
Nuevo León,2020-03-25,52,NA,0,NA,0,NA,0,NA
Nuevo León,2020-03-26,57,NA,0,NA,5,NA,0,NA
Nuevo León,2020-03-27,64,NA,0,NA,7,NA,0,NA
Nuevo León,2020-03-28,64,NA,0,NA,0,NA,0,NA
Nuevo León,2020-03-29,67,NA,0,NA,3,NA,0,NA
Nuevo León,2020-03-30,75,NA,0,NA,8,NA,0,NA
Nuevo León,2020-03-31,76,NA,0,NA,1,NA,0,NA
Nuevo León,2020-04-01,78,NA,0,NA,2,NA,0,NA
Nuevo León,2020-04-02,84,NA,0,NA,6,NA,0,NA
Nuevo León,2020-04-03,85,NA,0,NA,1,NA,0,NA
Nuevo León,2020-04-04,88,NA,1,NA,3,NA,1,NA
Nuevo León,2020-04-05,91,NA,2,NA,3,NA,1,NA
Nuevo León,2020-04-06,93,NA,3,NA,2,NA,1,NA
Nuevo León,2020-04-07,93,NA,4,NA,0,NA,1,NA
Nuevo León,2020-04-08,98,NA,4,NA,5,NA,0,NA
Nuevo León,2020-04-09,107,NA,5,NA,9,NA,1,NA
Nuevo León,2020-04-10,110,NA,5,NA,3,NA,0,NA
Nuevo León,2020-04-11,119,NA,5,NA,9,NA,0,NA
Nuevo León,2020-04-12,124,119,5,4,5,NA,0,NA
Nuevo León,2020-04-13,132,127,5,4,8,8,0,0
Nuevo León,2020-04-14,136,131,5,4,4,4,0,0
Nuevo León,2020-04-15,150,145,5,4,14,14,0,0
Nuevo León,2020-04-16,159,156,5,4,9,11,0,0
Nuevo León,2020-04-17,159,156,5,4,0,0,0,0
Nuevo León,2020-04-18,172,169,6,5,13,13,1,1
Nuevo León,2020-04-19,184,174,6,5,12,5,0,0
Nuevo León,2020-04-20,202,193,6,5,18,19,0,0
Nuevo León,2020-04-21,203,194,6,5,1,1,0,0
Nuevo León,2020-04-22,221,211,6,5,18,17,0,0
Nuevo León,2020-04-23,259,249,7,6,38,38,1,1
Nuevo León,2020-04-24,270,260,9,8,11,11,2,2
Nuevo León,2020-04-25,282,271,9,8,12,11,0,0
Nuevo León,2020-04-26,287,276,9,8,5,5,0,0
Nuevo León,2020-04-27,295,284,10,9,8,8,1,1
Nuevo León,2020-04-28,310,299,12,11,15,15,2,2
Oaxaca,2020-03-14,1,NA,0,NA,1,NA,0,NA
Oaxaca,2020-03-15,2,NA,0,NA,1,NA,0,NA
Oaxaca,2020-03-16,2,NA,0,NA,0,NA,0,NA
Oaxaca,2020-03-17,2,NA,0,NA,0,NA,0,NA
Oaxaca,2020-03-18,2,NA,0,NA,0,NA,0,NA
Oaxaca,2020-03-19,2,NA,0,NA,0,NA,0,NA
Oaxaca,2020-03-20,2,NA,0,NA,0,NA,0,NA
Oaxaca,2020-03-21,2,NA,0,NA,0,NA,0,NA
Oaxaca,2020-03-22,3,NA,0,NA,1,NA,0,NA
Oaxaca,2020-03-23,4,NA,0,NA,1,NA,0,NA
Oaxaca,2020-03-24,4,NA,0,NA,0,NA,0,NA
Oaxaca,2020-03-25,7,NA,0,NA,3,NA,0,NA
Oaxaca,2020-03-26,8,NA,0,NA,1,NA,0,NA
Oaxaca,2020-03-27,11,NA,0,NA,3,NA,0,NA
Oaxaca,2020-03-28,12,NA,0,NA,1,NA,0,NA
Oaxaca,2020-03-29,14,NA,0,NA,2,NA,0,NA
Oaxaca,2020-03-30,14,NA,1,NA,0,NA,1,NA
Oaxaca,2020-03-31,14,NA,1,NA,0,NA,0,NA
Oaxaca,2020-04-01,22,NA,1,NA,8,NA,0,NA
Oaxaca,2020-04-02,22,NA,1,NA,0,NA,0,NA
Oaxaca,2020-04-03,22,NA,1,NA,0,NA,0,NA
Oaxaca,2020-04-04,22,NA,1,NA,0,NA,0,NA
Oaxaca,2020-04-05,25,NA,1,NA,3,NA,0,NA
Oaxaca,2020-04-06,27,NA,1,NA,2,NA,0,NA
Oaxaca,2020-04-07,35,NA,1,NA,8,NA,0,NA
Oaxaca,2020-04-08,37,NA,1,NA,2,NA,0,NA
Oaxaca,2020-04-09,40,NA,1,NA,3,NA,0,NA
Oaxaca,2020-04-10,41,NA,2,NA,1,NA,1,NA
Oaxaca,2020-04-11,43,NA,2,NA,2,NA,0,NA
Oaxaca,2020-04-12,43,44,3,3,0,NA,1,NA
Oaxaca,2020-04-13,44,44,4,3,1,0,1,0
Oaxaca,2020-04-14,46,46,5,4,2,2,1,1
Oaxaca,2020-04-15,50,50,5,4,4,4,0,0
Oaxaca,2020-04-16,53,54,5,4,3,4,0,0
Oaxaca,2020-04-17,56,57,5,4,3,3,0,0
Oaxaca,2020-04-18,62,63,6,6,6,6,1,2
Oaxaca,2020-04-19,63,64,6,6,1,1,0,0
Oaxaca,2020-04-20,69,70,6,6,6,6,0,0
Oaxaca,2020-04-21,72,73,7,7,3,3,1,1
Oaxaca,2020-04-22,80,81,8,8,8,8,1,1
Oaxaca,2020-04-23,86,87,9,9,6,6,1,1
Oaxaca,2020-04-24,87,89,11,11,1,2,2,2
Oaxaca,2020-04-25,102,104,13,13,15,15,2,2
Oaxaca,2020-04-26,105,106,15,15,3,2,2,2
Oaxaca,2020-04-27,116,117,15,15,11,11,0,0
Oaxaca,2020-04-28,119,121,17,17,3,4,2,2
Puebla,2020-03-11,1,NA,0,NA,1,NA,0,NA
Puebla,2020-03-12,1,NA,0,NA,0,NA,0,NA
Puebla,2020-03-13,2,NA,0,NA,1,NA,0,NA
Puebla,2020-03-14,3,NA,0,NA,1,NA,0,NA
Puebla,2020-03-15,6,NA,0,NA,3,NA,0,NA
Puebla,2020-03-16,8,NA,0,NA,2,NA,0,NA
Puebla,2020-03-17,9,NA,0,NA,1,NA,0,NA
Puebla,2020-03-18,9,NA,0,NA,0,NA,0,NA
Puebla,2020-03-19,11,NA,0,NA,2,NA,0,NA
Puebla,2020-03-20,14,NA,0,NA,3,NA,0,NA
Puebla,2020-03-21,16,NA,0,NA,2,NA,0,NA
Puebla,2020-03-22,16,NA,0,NA,0,NA,0,NA
Puebla,2020-03-23,16,NA,0,NA,0,NA,0,NA
Puebla,2020-03-24,22,NA,0,NA,6,NA,0,NA
Puebla,2020-03-25,34,NA,0,NA,12,NA,0,NA
Puebla,2020-03-26,45,NA,0,NA,11,NA,0,NA
Puebla,2020-03-27,51,NA,0,NA,6,NA,0,NA
Puebla,2020-03-28,52,NA,0,NA,1,NA,0,NA
Puebla,2020-03-29,66,NA,1,NA,14,NA,1,NA
Puebla,2020-03-30,76,NA,1,NA,10,NA,0,NA
Puebla,2020-03-31,81,NA,1,NA,5,NA,0,NA
Puebla,2020-04-01,97,NA,1,NA,16,NA,0,NA
Puebla,2020-04-02,100,NA,1,NA,3,NA,0,NA
Puebla,2020-04-03,109,NA,1,NA,9,NA,0,NA
Puebla,2020-04-04,125,NA,1,NA,16,NA,0,NA
Puebla,2020-04-05,147,NA,1,NA,22,NA,0,NA
Puebla,2020-04-06,156,NA,2,NA,9,NA,1,NA
Puebla,2020-04-07,179,NA,4,NA,23,NA,2,NA
Puebla,2020-04-08,183,NA,9,NA,4,NA,5,NA
Puebla,2020-04-09,198,NA,10,NA,15,NA,1,NA
Puebla,2020-04-10,214,NA,15,NA,16,NA,5,NA
Puebla,2020-04-11,243,NA,18,NA,29,NA,3,NA
Puebla,2020-04-12,256,255,20,20,13,NA,2,NA
Puebla,2020-04-13,269,271,22,24,13,16,2,4
Puebla,2020-04-14,276,278,27,29,7,7,5,5
Puebla,2020-04-15,291,294,31,33,15,16,4,4
Puebla,2020-04-16,305,307,32,34,14,13,1,1
Puebla,2020-04-17,314,315,37,39,9,8,5,5
Puebla,2020-04-18,330,331,40,42,16,16,3,3
Puebla,2020-04-19,352,351,41,43,22,20,1,1
Puebla,2020-04-20,360,359,45,47,8,8,4,4
Puebla,2020-04-21,382,383,53,55,22,24,8,8
Puebla,2020-04-22,386,388,56,58,4,5,3,3
Puebla,2020-04-23,415,414,61,64,29,26,5,6
Puebla,2020-04-24,456,454,62,64,41,40,1,0
Puebla,2020-04-25,486,483,65,69,30,29,3,5
Puebla,2020-04-26,514,511,65,69,28,28,0,0
Puebla,2020-04-27,556,552,65,69,42,41,0,0
Puebla,2020-04-28,586,583,75,78,30,31,10,9
Querétaro,2020-03-11,1,NA,0,NA,1,NA,0,NA
Querétaro,2020-03-12,1,NA,0,NA,0,NA,0,NA
Querétaro,2020-03-13,4,NA,0,NA,3,NA,0,NA
Querétaro,2020-03-14,4,NA,0,NA,0,NA,0,NA
Querétaro,2020-03-15,6,NA,0,NA,2,NA,0,NA
Querétaro,2020-03-16,7,NA,0,NA,1,NA,0,NA
Querétaro,2020-03-17,7,NA,0,NA,0,NA,0,NA
Querétaro,2020-03-18,7,NA,0,NA,0,NA,0,NA
Querétaro,2020-03-19,9,NA,0,NA,2,NA,0,NA
Querétaro,2020-03-20,11,NA,0,NA,2,NA,0,NA
Querétaro,2020-03-21,14,NA,0,NA,3,NA,0,NA
Querétaro,2020-03-22,14,NA,0,NA,0,NA,0,NA
Querétaro,2020-03-23,16,NA,0,NA,2,NA,0,NA
Querétaro,2020-03-24,16,NA,0,NA,0,NA,0,NA
Querétaro,2020-03-25,18,NA,0,NA,2,NA,0,NA
Querétaro,2020-03-26,21,NA,0,NA,3,NA,0,NA
Querétaro,2020-03-27,23,NA,0,NA,2,NA,0,NA
Querétaro,2020-03-28,25,NA,0,NA,2,NA,0,NA
Querétaro,2020-03-29,26,NA,0,NA,1,NA,0,NA
Querétaro,2020-03-30,27,NA,1,NA,1,NA,1,NA
Querétaro,2020-03-31,29,NA,1,NA,2,NA,0,NA
Querétaro,2020-04-01,29,NA,1,NA,0,NA,0,NA
Querétaro,2020-04-02,32,NA,1,NA,3,NA,0,NA
Querétaro,2020-04-03,35,NA,2,NA,3,NA,1,NA
Querétaro,2020-04-04,36,NA,2,NA,1,NA,0,NA
Querétaro,2020-04-05,38,NA,2,NA,2,NA,0,NA
Querétaro,2020-04-06,40,NA,2,NA,2,NA,0,NA
Querétaro,2020-04-07,45,NA,2,NA,5,NA,0,NA
Querétaro,2020-04-08,47,NA,2,NA,2,NA,0,NA
Querétaro,2020-04-09,50,NA,2,NA,3,NA,0,NA
Querétaro,2020-04-10,55,NA,3,NA,5,NA,1,NA
Querétaro,2020-04-11,57,NA,3,NA,2,NA,0,NA
Querétaro,2020-04-12,61,59,3,3,4,NA,0,NA
Querétaro,2020-04-13,61,59,3,3,0,0,0,0
Querétaro,2020-04-14,65,63,4,4,4,4,1,1
Querétaro,2020-04-15,69,67,5,5,4,4,1,1
Querétaro,2020-04-16,76,74,5,5,7,7,0,0
Querétaro,2020-04-17,78,77,6,6,2,3,1,1
Querétaro,2020-04-18,79,79,6,6,1,2,0,0
Querétaro,2020-04-19,81,81,6,6,2,2,0,0
Querétaro,2020-04-20,85,85,6,6,4,4,0,0
Querétaro,2020-04-21,88,86,6,6,3,1,0,0
Querétaro,2020-04-22,91,90,7,7,3,4,1,1
Querétaro,2020-04-23,94,93,7,7,3,3,0,0
Querétaro,2020-04-24,104,103,7,7,10,10,0,0
Querétaro,2020-04-25,110,109,7,7,6,6,0,0
Querétaro,2020-04-26,112,111,9,9,2,2,2,2
Querétaro,2020-04-27,123,121,10,9,11,10,1,0
Querétaro,2020-04-28,125,123,12,10,2,2,2,1
Quintana Roo,2020-03-13,1,NA,0,NA,1,NA,0,NA
Quintana Roo,2020-03-14,1,NA,0,NA,0,NA,0,NA
Quintana Roo,2020-03-15,1,NA,0,NA,0,NA,0,NA
Quintana Roo,2020-03-16,4,NA,0,NA,3,NA,0,NA
Quintana Roo,2020-03-17,4,NA,0,NA,0,NA,0,NA
Quintana Roo,2020-03-18,6,NA,0,NA,2,NA,0,NA
Quintana Roo,2020-03-19,6,NA,0,NA,0,NA,0,NA
Quintana Roo,2020-03-20,11,NA,0,NA,5,NA,0,NA
Quintana Roo,2020-03-21,12,NA,0,NA,1,NA,0,NA
Quintana Roo,2020-03-22,12,NA,0,NA,0,NA,0,NA
Quintana Roo,2020-03-23,21,NA,0,NA,9,NA,0,NA
Quintana Roo,2020-03-24,22,NA,0,NA,1,NA,0,NA
Quintana Roo,2020-03-25,22,NA,0,NA,0,NA,0,NA
Quintana Roo,2020-03-26,29,NA,0,NA,7,NA,0,NA
Quintana Roo,2020-03-27,29,NA,0,NA,0,NA,0,NA
Quintana Roo,2020-03-28,33,NA,1,NA,4,NA,1,NA
Quintana Roo,2020-03-29,38,NA,1,NA,5,NA,0,NA
Quintana Roo,2020-03-30,43,NA,1,NA,5,NA,0,NA
Quintana Roo,2020-03-31,47,NA,1,NA,4,NA,0,NA
Quintana Roo,2020-04-01,51,NA,1,NA,4,NA,0,NA
Quintana Roo,2020-04-02,56,NA,1,NA,5,NA,0,NA
Quintana Roo,2020-04-03,65,NA,1,NA,9,NA,0,NA
Quintana Roo,2020-04-04,75,NA,2,NA,10,NA,1,NA
Quintana Roo,2020-04-05,86,NA,4,NA,11,NA,2,NA
Quintana Roo,2020-04-06,115,NA,8,NA,29,NA,4,NA
Quintana Roo,2020-04-07,135,NA,9,NA,20,NA,1,NA
Quintana Roo,2020-04-08,143,NA,10,NA,8,NA,1,NA
Quintana Roo,2020-04-09,159,NA,12,NA,16,NA,2,NA
Quintana Roo,2020-04-10,163,NA,13,NA,4,NA,1,NA
Quintana Roo,2020-04-11,216,NA,18,NA,53,NA,5,NA
Quintana Roo,2020-04-12,223,226,19,19,7,NA,1,NA
Quintana Roo,2020-04-13,239,242,22,22,16,16,3,3
Quintana Roo,2020-04-14,245,248,25,25,6,6,3,3
Quintana Roo,2020-04-15,269,272,27,27,24,24,2,2
Quintana Roo,2020-04-16,276,279,28,28,7,7,1,1
Quintana Roo,2020-04-17,280,282,31,31,4,3,3,3
Quintana Roo,2020-04-18,315,317,31,31,35,35,0,0
Quintana Roo,2020-04-19,322,325,31,31,7,8,0,0
Quintana Roo,2020-04-20,360,364,34,34,38,39,3,3
Quintana Roo,2020-04-21,393,398,47,47,33,34,13,13
Quintana Roo,2020-04-22,426,432,56,56,33,34,9,9
Quintana Roo,2020-04-23,461,468,61,61,35,36,5,5
Quintana Roo,2020-04-24,511,519,71,72,50,51,10,11
Quintana Roo,2020-04-25,540,550,76,77,29,31,5,5
Quintana Roo,2020-04-26,593,604,79,80,53,54,3,3
Quintana Roo,2020-04-27,643,653,85,86,50,49,6,6
Quintana Roo,2020-04-28,688,698,90,91,45,45,5,5
San Luis Potosí,2020-03-14,1,NA,0,NA,1,NA,0,NA
San Luis Potosí,2020-03-15,2,NA,0,NA,1,NA,0,NA
San Luis Potosí,2020-03-16,2,NA,0,NA,0,NA,0,NA
San Luis Potosí,2020-03-17,2,NA,0,NA,0,NA,0,NA
San Luis Potosí,2020-03-18,3,NA,0,NA,1,NA,0,NA
San Luis Potosí,2020-03-19,7,NA,0,NA,4,NA,0,NA
San Luis Potosí,2020-03-20,7,NA,0,NA,0,NA,0,NA
San Luis Potosí,2020-03-21,9,NA,0,NA,2,NA,0,NA
San Luis Potosí,2020-03-22,12,NA,0,NA,3,NA,0,NA
San Luis Potosí,2020-03-23,16,NA,0,NA,4,NA,0,NA
San Luis Potosí,2020-03-24,16,NA,0,NA,0,NA,0,NA
San Luis Potosí,2020-03-25,17,NA,1,NA,1,NA,1,NA
San Luis Potosí,2020-03-26,18,NA,2,NA,1,NA,1,NA
San Luis Potosí,2020-03-27,19,NA,2,NA,1,NA,0,NA
San Luis Potosí,2020-03-28,20,NA,2,NA,1,NA,0,NA
San Luis Potosí,2020-03-29,24,NA,2,NA,4,NA,0,NA
San Luis Potosí,2020-03-30,25,NA,2,NA,1,NA,0,NA
San Luis Potosí,2020-03-31,25,NA,2,NA,0,NA,0,NA
San Luis Potosí,2020-04-01,31,NA,2,NA,6,NA,0,NA
San Luis Potosí,2020-04-02,33,NA,2,NA,2,NA,0,NA
San Luis Potosí,2020-04-03,35,NA,2,NA,2,NA,0,NA
San Luis Potosí,2020-04-04,35,NA,2,NA,0,NA,0,NA
San Luis Potosí,2020-04-05,37,NA,2,NA,2,NA,0,NA
San Luis Potosí,2020-04-06,37,NA,3,NA,0,NA,1,NA
San Luis Potosí,2020-04-07,41,NA,3,NA,4,NA,0,NA
San Luis Potosí,2020-04-08,43,NA,4,NA,2,NA,1,NA
San Luis Potosí,2020-04-09,47,NA,4,NA,4,NA,0,NA
San Luis Potosí,2020-04-10,48,NA,4,NA,1,NA,0,NA
San Luis Potosí,2020-04-11,51,NA,4,NA,3,NA,0,NA
San Luis Potosí,2020-04-12,53,52,4,4,2,NA,0,NA
San Luis Potosí,2020-04-13,55,54,4,4,2,2,0,0
San Luis Potosí,2020-04-14,55,54,4,4,0,0,0,0
San Luis Potosí,2020-04-15,56,55,4,4,1,1,0,0
San Luis Potosí,2020-04-16,56,55,4,4,0,0,0,0
San Luis Potosí,2020-04-17,58,57,4,4,2,2,0,0
San Luis Potosí,2020-04-18,59,58,4,4,1,1,0,0
San Luis Potosí,2020-04-19,63,62,4,4,4,4,0,0
San Luis Potosí,2020-04-20,66,65,4,4,3,3,0,0
San Luis Potosí,2020-04-21,67,66,5,5,1,1,1,1
San Luis Potosí,2020-04-22,68,67,5,5,1,1,0,0
San Luis Potosí,2020-04-23,73,72,6,6,5,5,1,1
San Luis Potosí,2020-04-24,73,72,6,6,0,0,0,0
San Luis Potosí,2020-04-25,76,75,6,6,3,3,0,0
San Luis Potosí,2020-04-26,79,78,6,6,3,3,0,0
San Luis Potosí,2020-04-27,84,83,6,6,5,5,0,0
San Luis Potosí,2020-04-28,85,85,7,7,1,2,1,1
Sinaloa,2020-02-28,1,NA,0,NA,1,NA,0,NA
Sinaloa,2020-02-29,1,NA,0,NA,0,NA,0,NA
Sinaloa,2020-03-01,1,NA,0,NA,0,NA,0,NA
Sinaloa,2020-03-02,1,NA,0,NA,0,NA,0,NA
Sinaloa,2020-03-03,1,NA,0,NA,0,NA,0,NA
Sinaloa,2020-03-04,1,NA,0,NA,0,NA,0,NA
Sinaloa,2020-03-05,1,NA,0,NA,0,NA,0,NA
Sinaloa,2020-03-06,1,NA,0,NA,0,NA,0,NA
Sinaloa,2020-03-07,1,NA,0,NA,0,NA,0,NA
Sinaloa,2020-03-08,1,NA,0,NA,0,NA,0,NA
Sinaloa,2020-03-09,1,NA,0,NA,0,NA,0,NA
Sinaloa,2020-03-10,1,NA,0,NA,0,NA,0,NA
Sinaloa,2020-03-11,1,NA,0,NA,0,NA,0,NA
Sinaloa,2020-03-12,1,NA,0,NA,0,NA,0,NA
Sinaloa,2020-03-13,1,NA,0,NA,0,NA,0,NA
Sinaloa,2020-03-14,1,NA,0,NA,0,NA,0,NA
Sinaloa,2020-03-15,2,NA,0,NA,1,NA,0,NA
Sinaloa,2020-03-16,2,NA,0,NA,0,NA,0,NA
Sinaloa,2020-03-17,2,NA,0,NA,0,NA,0,NA
Sinaloa,2020-03-18,2,NA,0,NA,0,NA,0,NA
Sinaloa,2020-03-19,3,NA,0,NA,1,NA,0,NA
Sinaloa,2020-03-20,3,NA,0,NA,0,NA,0,NA
Sinaloa,2020-03-21,3,NA,0,NA,0,NA,0,NA
Sinaloa,2020-03-22,4,NA,0,NA,1,NA,0,NA
Sinaloa,2020-03-23,4,NA,0,NA,0,NA,0,NA
Sinaloa,2020-03-24,4,NA,0,NA,0,NA,0,NA
Sinaloa,2020-03-25,4,NA,0,NA,0,NA,0,NA
Sinaloa,2020-03-26,8,NA,0,NA,4,NA,0,NA
Sinaloa,2020-03-27,9,NA,0,NA,1,NA,0,NA
Sinaloa,2020-03-28,14,NA,0,NA,5,NA,0,NA
Sinaloa,2020-03-29,19,NA,0,NA,5,NA,0,NA
Sinaloa,2020-03-30,24,NA,3,NA,5,NA,3,NA
Sinaloa,2020-03-31,27,NA,3,NA,3,NA,0,NA
Sinaloa,2020-04-01,32,NA,4,NA,5,NA,1,NA
Sinaloa,2020-04-02,42,NA,4,NA,10,NA,0,NA
Sinaloa,2020-04-03,51,NA,5,NA,9,NA,1,NA
Sinaloa,2020-04-04,74,NA,10,NA,23,NA,5,NA
Sinaloa,2020-04-05,90,NA,12,NA,16,NA,2,NA
Sinaloa,2020-04-06,97,NA,12,NA,7,NA,0,NA
Sinaloa,2020-04-07,111,NA,13,NA,14,NA,1,NA
Sinaloa,2020-04-08,125,NA,13,NA,14,NA,0,NA
Sinaloa,2020-04-09,138,NA,15,NA,13,NA,2,NA
Sinaloa,2020-04-10,171,NA,18,NA,33,NA,3,NA
Sinaloa,2020-04-11,214,NA,24,NA,43,NA,6,NA
Sinaloa,2020-04-12,229,228,24,24,15,NA,0,NA
Sinaloa,2020-04-13,245,244,28,28,16,16,4,4
Sinaloa,2020-04-14,261,260,34,34,16,16,6,6
Sinaloa,2020-04-15,292,291,38,38,31,31,4,4
Sinaloa,2020-04-16,327,326,40,40,35,35,2,2
Sinaloa,2020-04-17,374,372,43,43,47,46,3,3
Sinaloa,2020-04-18,413,411,45,45,39,39,2,2
Sinaloa,2020-04-19,459,457,45,45,46,46,0,0
Sinaloa,2020-04-20,486,484,45,45,27,27,0,0
Sinaloa,2020-04-21,510,508,52,52,24,24,7,7
Sinaloa,2020-04-22,570,568,59,59,60,60,7,7
Sinaloa,2020-04-23,616,614,62,62,46,46,3,3
Sinaloa,2020-04-24,692,690,92,92,76,76,30,30
Sinaloa,2020-04-25,711,708,98,98,19,18,6,6
Sinaloa,2020-04-26,750,747,105,105,39,39,7,7
Sinaloa,2020-04-27,798,795,122,122,48,48,17,17
Sinaloa,2020-04-28,806,803,130,130,8,8,8,8
Sonora,2020-03-17,1,NA,0,NA,1,NA,0,NA
Sonora,2020-03-18,1,NA,0,NA,0,NA,0,NA
Sonora,2020-03-19,2,NA,0,NA,1,NA,0,NA
Sonora,2020-03-20,2,NA,0,NA,0,NA,0,NA
Sonora,2020-03-21,2,NA,0,NA,0,NA,0,NA
Sonora,2020-03-22,4,NA,0,NA,2,NA,0,NA
Sonora,2020-03-23,4,NA,0,NA,0,NA,0,NA
Sonora,2020-03-24,4,NA,0,NA,0,NA,0,NA
Sonora,2020-03-25,4,NA,0,NA,0,NA,0,NA
Sonora,2020-03-26,7,NA,0,NA,3,NA,0,NA
Sonora,2020-03-27,8,NA,0,NA,1,NA,0,NA
Sonora,2020-03-28,10,NA,0,NA,2,NA,0,NA
Sonora,2020-03-29,14,NA,0,NA,4,NA,0,NA
Sonora,2020-03-30,17,NA,0,NA,3,NA,0,NA
Sonora,2020-03-31,17,NA,0,NA,0,NA,0,NA
Sonora,2020-04-01,18,NA,0,NA,1,NA,0,NA
Sonora,2020-04-02,21,NA,0,NA,3,NA,0,NA
Sonora,2020-04-03,22,NA,0,NA,1,NA,0,NA
Sonora,2020-04-04,27,NA,1,NA,5,NA,1,NA
Sonora,2020-04-05,28,NA,1,NA,1,NA,0,NA
Sonora,2020-04-06,30,NA,1,NA,2,NA,0,NA
Sonora,2020-04-07,35,NA,1,NA,5,NA,0,NA
Sonora,2020-04-08,46,NA,2,NA,11,NA,1,NA
Sonora,2020-04-09,48,NA,4,NA,2,NA,2,NA
Sonora,2020-04-10,55,NA,5,NA,7,NA,1,NA
Sonora,2020-04-11,65,NA,5,NA,10,NA,0,NA
Sonora,2020-04-12,69,69,5,5,4,NA,0,NA
Sonora,2020-04-13,72,74,9,9,3,5,4,4
Sonora,2020-04-14,73,75,9,9,1,1,0,0
Sonora,2020-04-15,78,80,9,9,5,5,0,0
Sonora,2020-04-16,89,91,10,11,11,11,1,2
Sonora,2020-04-17,97,101,10,11,8,10,0,0
Sonora,2020-04-18,108,112,10,11,11,11,0,0
Sonora,2020-04-19,117,121,12,13,9,9,2,2
Sonora,2020-04-20,117,121,12,13,0,0,0,0
Sonora,2020-04-21,114,118,13,14,-3,-3,1,1
Sonora,2020-04-22,122,132,13,14,8,14,0,0
Sonora,2020-04-23,127,139,16,17,5,7,3,3
Sonora,2020-04-24,138,150,16,17,11,11,0,0
Sonora,2020-04-25,135,149,18,20,-3,-1,2,3
Sonora,2020-04-26,144,167,18,20,9,18,0,0
Sonora,2020-04-27,159,182,18,20,15,15,0,0
Sonora,2020-04-28,163,190,19,21,4,8,1,1
Tabasco,2020-03-18,1,NA,0,NA,1,NA,0,NA
Tabasco,2020-03-19,1,NA,0,NA,0,NA,0,NA
Tabasco,2020-03-20,2,NA,0,NA,1,NA,0,NA
Tabasco,2020-03-21,4,NA,0,NA,2,NA,0,NA
Tabasco,2020-03-22,5,NA,0,NA,1,NA,0,NA
Tabasco,2020-03-23,6,NA,0,NA,1,NA,0,NA
Tabasco,2020-03-24,6,NA,0,NA,0,NA,0,NA
Tabasco,2020-03-25,6,NA,0,NA,0,NA,0,NA
Tabasco,2020-03-26,17,NA,0,NA,11,NA,0,NA
Tabasco,2020-03-27,21,NA,0,NA,4,NA,0,NA
Tabasco,2020-03-28,27,NA,0,NA,6,NA,0,NA
Tabasco,2020-03-29,33,NA,0,NA,6,NA,0,NA
Tabasco,2020-03-30,38,NA,0,NA,5,NA,0,NA
Tabasco,2020-03-31,48,NA,0,NA,10,NA,0,NA
Tabasco,2020-04-01,52,NA,1,NA,4,NA,1,NA
Tabasco,2020-04-02,62,NA,3,NA,10,NA,2,NA
Tabasco,2020-04-03,73,NA,3,NA,11,NA,0,NA
Tabasco,2020-04-04,83,NA,3,NA,10,NA,0,NA
Tabasco,2020-04-05,97,NA,4,NA,14,NA,1,NA
Tabasco,2020-04-06,107,NA,8,NA,10,NA,4,NA
Tabasco,2020-04-07,108,NA,8,NA,1,NA,0,NA
Tabasco,2020-04-08,112,NA,8,NA,4,NA,0,NA
Tabasco,2020-04-09,113,NA,9,NA,1,NA,1,NA
Tabasco,2020-04-10,134,NA,9,NA,21,NA,0,NA
Tabasco,2020-04-11,143,NA,12,NA,9,NA,3,NA
Tabasco,2020-04-12,153,152,12,13,10,NA,0,NA
Tabasco,2020-04-13,156,158,14,15,3,6,2,2
Tabasco,2020-04-14,195,197,19,20,39,39,5,5
Tabasco,2020-04-15,210,215,21,22,15,18,2,2
Tabasco,2020-04-16,233,238,25,26,23,23,4,4
Tabasco,2020-04-17,250,255,27,28,17,17,2,2
Tabasco,2020-04-18,278,283,28,29,28,28,1,1
Tabasco,2020-04-19,335,341,38,39,57,58,10,10
Tabasco,2020-04-20,397,403,42,43,62,62,4,4
Tabasco,2020-04-21,467,473,55,56,70,70,13,13
Tabasco,2020-04-22,504,510,60,61,37,37,5,5
Tabasco,2020-04-23,592,596,67,68,88,86,7,7
Tabasco,2020-04-24,644,649,79,80,52,53,12,12
Tabasco,2020-04-25,700,707,86,87,56,58,7,7
Tabasco,2020-04-26,721,728,95,96,21,21,9,9
Tabasco,2020-04-27,812,819,99,100,91,91,4,4
Tabasco,2020-04-28,885,890,106,107,73,71,7,7
Tamaulipas,2020-03-17,1,NA,0,NA,1,NA,0,NA
Tamaulipas,2020-03-18,2,NA,0,NA,1,NA,0,NA
Tamaulipas,2020-03-19,2,NA,0,NA,0,NA,0,NA
Tamaulipas,2020-03-20,2,NA,0,NA,0,NA,0,NA
Tamaulipas,2020-03-21,3,NA,0,NA,1,NA,0,NA
Tamaulipas,2020-03-22,4,NA,0,NA,1,NA,0,NA
Tamaulipas,2020-03-23,5,NA,0,NA,1,NA,0,NA
Tamaulipas,2020-03-24,5,NA,0,NA,0,NA,0,NA
Tamaulipas,2020-03-25,6,NA,0,NA,1,NA,0,NA
Tamaulipas,2020-03-26,6,NA,0,NA,0,NA,0,NA
Tamaulipas,2020-03-27,6,NA,0,NA,0,NA,0,NA
Tamaulipas,2020-03-28,6,NA,0,NA,0,NA,0,NA
Tamaulipas,2020-03-29,7,NA,0,NA,1,NA,0,NA
Tamaulipas,2020-03-30,8,NA,0,NA,1,NA,0,NA
Tamaulipas,2020-03-31,8,NA,0,NA,0,NA,0,NA
Tamaulipas,2020-04-01,9,NA,0,NA,1,NA,0,NA
Tamaulipas,2020-04-02,13,NA,0,NA,4,NA,0,NA
Tamaulipas,2020-04-03,16,NA,0,NA,3,NA,0,NA
Tamaulipas,2020-04-04,20,NA,1,NA,4,NA,1,NA
Tamaulipas,2020-04-05,26,NA,1,NA,6,NA,0,NA
Tamaulipas,2020-04-06,31,NA,1,NA,5,NA,0,NA
Tamaulipas,2020-04-07,32,NA,3,NA,1,NA,2,NA
Tamaulipas,2020-04-08,43,NA,3,NA,11,NA,0,NA
Tamaulipas,2020-04-09,46,NA,3,NA,3,NA,0,NA
Tamaulipas,2020-04-10,48,NA,3,NA,2,NA,0,NA
Tamaulipas,2020-04-11,49,NA,3,NA,1,NA,0,NA
Tamaulipas,2020-04-12,53,56,3,3,4,NA,0,NA
Tamaulipas,2020-04-13,53,57,3,3,0,1,0,0
Tamaulipas,2020-04-14,55,59,3,3,2,2,0,0
Tamaulipas,2020-04-15,60,64,4,4,5,5,1,1
Tamaulipas,2020-04-16,78,82,4,4,18,18,0,0
Tamaulipas,2020-04-17,91,95,5,5,13,13,1,1
Tamaulipas,2020-04-18,117,119,5,5,26,24,0,0
Tamaulipas,2020-04-19,127,128,5,5,10,9,0,0
Tamaulipas,2020-04-20,134,134,5,5,7,6,0,0
Tamaulipas,2020-04-21,145,145,7,7,11,11,2,2
Tamaulipas,2020-04-22,166,165,8,8,21,20,1,1
Tamaulipas,2020-04-23,191,190,9,9,25,25,1,1
Tamaulipas,2020-04-24,205,204,10,10,14,14,1,1
Tamaulipas,2020-04-25,217,216,11,11,12,12,1,1
Tamaulipas,2020-04-26,262,261,11,11,45,45,0,0
Tamaulipas,2020-04-27,288,287,12,12,26,26,1,1
Tamaulipas,2020-04-28,296,295,15,15,8,8,3,3
Tlaxcala,2020-03-25,1,NA,0,NA,1,NA,0,NA
Tlaxcala,2020-03-26,1,NA,0,NA,0,NA,0,NA
Tlaxcala,2020-03-27,4,NA,0,NA,3,NA,0,NA
Tlaxcala,2020-03-28,4,NA,0,NA,0,NA,0,NA
Tlaxcala,2020-03-29,4,NA,0,NA,0,NA,0,NA
Tlaxcala,2020-03-30,4,NA,0,NA,0,NA,0,NA
Tlaxcala,2020-03-31,4,NA,0,NA,0,NA,0,NA
Tlaxcala,2020-04-01,5,NA,0,NA,1,NA,0,NA
Tlaxcala,2020-04-02,5,NA,0,NA,0,NA,0,NA
Tlaxcala,2020-04-03,8,NA,0,NA,3,NA,0,NA
Tlaxcala,2020-04-04,9,NA,0,NA,1,NA,0,NA
Tlaxcala,2020-04-05,11,NA,0,NA,2,NA,0,NA
Tlaxcala,2020-04-06,14,NA,0,NA,3,NA,0,NA
Tlaxcala,2020-04-07,18,NA,0,NA,4,NA,0,NA
Tlaxcala,2020-04-08,23,NA,0,NA,5,NA,0,NA
Tlaxcala,2020-04-09,29,NA,0,NA,6,NA,0,NA
Tlaxcala,2020-04-10,34,NA,1,NA,5,NA,1,NA
Tlaxcala,2020-04-11,38,NA,1,NA,4,NA,0,NA
Tlaxcala,2020-04-12,40,40,2,2,2,NA,1,NA
Tlaxcala,2020-04-13,49,47,2,2,9,7,0,0
Tlaxcala,2020-04-14,51,49,4,4,2,2,2,2
Tlaxcala,2020-04-15,58,55,4,4,7,6,0,0
Tlaxcala,2020-04-16,62,58,4,4,4,3,0,0
Tlaxcala,2020-04-17,67,62,4,4,5,4,0,0
Tlaxcala,2020-04-18,72,67,4,4,5,5,0,0
Tlaxcala,2020-04-19,76,71,4,4,4,4,0,0
Tlaxcala,2020-04-20,78,73,4,4,2,2,0,0
Tlaxcala,2020-04-21,84,78,5,5,6,5,1,1
Tlaxcala,2020-04-22,99,92,9,9,15,14,4,4
Tlaxcala,2020-04-23,107,101,10,9,8,9,1,0
Tlaxcala,2020-04-24,118,112,13,12,11,11,3,3
Tlaxcala,2020-04-25,133,127,13,12,15,15,0,0
Tlaxcala,2020-04-26,140,134,13,12,7,7,0,0
Tlaxcala,2020-04-27,145,139,15,14,5,5,2,2
Tlaxcala,2020-04-28,168,159,17,16,23,20,2,2
Veracruz,2020-03-18,2,NA,0,NA,2,NA,0,NA
Veracruz,2020-03-19,2,NA,0,NA,0,NA,0,NA
Veracruz,2020-03-20,4,NA,0,NA,2,NA,0,NA
Veracruz,2020-03-21,7,NA,0,NA,3,NA,0,NA
Veracruz,2020-03-22,7,NA,0,NA,0,NA,0,NA
Veracruz,2020-03-23,7,NA,0,NA,0,NA,0,NA
Veracruz,2020-03-24,7,NA,0,NA,0,NA,0,NA
Veracruz,2020-03-25,7,NA,0,NA,0,NA,0,NA
Veracruz,2020-03-26,7,NA,0,NA,0,NA,0,NA
Veracruz,2020-03-27,17,NA,0,NA,10,NA,0,NA
Veracruz,2020-03-28,23,NA,0,NA,6,NA,0,NA
Veracruz,2020-03-29,24,NA,0,NA,1,NA,0,NA
Veracruz,2020-03-30,26,NA,1,NA,2,NA,1,NA
Veracruz,2020-03-31,27,NA,1,NA,1,NA,0,NA
Veracruz,2020-04-01,28,NA,1,NA,1,NA,0,NA
Veracruz,2020-04-02,29,NA,1,NA,1,NA,0,NA
Veracruz,2020-04-03,35,NA,2,NA,6,NA,1,NA
Veracruz,2020-04-04,37,NA,3,NA,2,NA,1,NA
Veracruz,2020-04-05,40,NA,3,NA,3,NA,0,NA
Veracruz,2020-04-06,41,NA,3,NA,1,NA,0,NA
Veracruz,2020-04-07,46,NA,3,NA,5,NA,0,NA
Veracruz,2020-04-08,49,NA,3,NA,3,NA,0,NA
Veracruz,2020-04-09,54,NA,3,NA,5,NA,0,NA
Veracruz,2020-04-10,63,NA,3,NA,9,NA,0,NA
Veracruz,2020-04-11,73,NA,3,NA,10,NA,0,NA
Veracruz,2020-04-12,78,82,3,3,5,NA,0,NA
Veracruz,2020-04-13,82,88,3,3,4,6,0,0
Veracruz,2020-04-14,94,100,5,5,12,12,2,2
Veracruz,2020-04-15,106,114,6,6,12,14,1,1
Veracruz,2020-04-16,112,121,6,6,6,7,0,0
Veracruz,2020-04-17,121,130,7,7,9,9,1,1
Veracruz,2020-04-18,124,135,8,8,3,5,1,1
Veracruz,2020-04-19,146,161,9,9,22,26,1,1
Veracruz,2020-04-20,156,171,12,13,10,10,3,4
Veracruz,2020-04-21,165,179,13,14,9,8,1,1
Veracruz,2020-04-22,195,212,18,19,30,33,5,5
Veracruz,2020-04-23,230,250,21,22,35,38,3,3
Veracruz,2020-04-24,268,288,22,24,38,38,1,2
Veracruz,2020-04-25,299,319,23,25,31,31,1,1
Veracruz,2020-04-26,334,354,25,27,35,35,2,2
Veracruz,2020-04-27,402,423,31,33,68,69,6,6
Veracruz,2020-04-28,438,465,38,40,36,42,7,7
Yucatán,2020-03-13,1,NA,0,NA,1,NA,0,NA
Yucatán,2020-03-14,1,NA,0,NA,0,NA,0,NA
Yucatán,2020-03-15,1,NA,0,NA,0,NA,0,NA
Yucatán,2020-03-16,4,NA,0,NA,3,NA,0,NA
Yucatán,2020-03-17,5,NA,0,NA,1,NA,0,NA
Yucatán,2020-03-18,8,NA,0,NA,3,NA,0,NA
Yucatán,2020-03-19,13,NA,0,NA,5,NA,0,NA
Yucatán,2020-03-20,13,NA,0,NA,0,NA,0,NA
Yucatán,2020-03-21,14,NA,0,NA,1,NA,0,NA
Yucatán,2020-03-22,19,NA,0,NA,5,NA,0,NA
Yucatán,2020-03-23,19,NA,0,NA,0,NA,0,NA
Yucatán,2020-03-24,24,NA,0,NA,5,NA,0,NA
Yucatán,2020-03-25,29,NA,0,NA,5,NA,0,NA
Yucatán,2020-03-26,32,NA,0,NA,3,NA,0,NA
Yucatán,2020-03-27,36,NA,0,NA,4,NA,0,NA
Yucatán,2020-03-28,38,NA,0,NA,2,NA,0,NA
Yucatán,2020-03-29,41,NA,0,NA,3,NA,0,NA
Yucatán,2020-03-30,46,NA,0,NA,5,NA,0,NA
Yucatán,2020-03-31,49,NA,0,NA,3,NA,0,NA
Yucatán,2020-04-01,52,NA,0,NA,3,NA,0,NA
Yucatán,2020-04-02,53,NA,0,NA,1,NA,0,NA
Yucatán,2020-04-03,59,NA,0,NA,6,NA,0,NA
Yucatán,2020-04-04,62,NA,0,NA,3,NA,0,NA
Yucatán,2020-04-05,67,NA,2,NA,5,NA,2,NA
Yucatán,2020-04-06,72,NA,2,NA,5,NA,0,NA
Yucatán,2020-04-07,74,NA,2,NA,2,NA,0,NA
Yucatán,2020-04-08,74,NA,3,NA,0,NA,1,NA
Yucatán,2020-04-09,88,NA,3,NA,14,NA,0,NA
Yucatán,2020-04-10,88,NA,4,NA,0,NA,1,NA
Yucatán,2020-04-11,103,NA,4,NA,15,NA,0,NA
Yucatán,2020-04-12,107,109,6,6,4,NA,2,NA
Yucatán,2020-04-13,114,116,6,6,7,7,0,0
Yucatán,2020-04-14,116,119,7,7,2,3,1,1
Yucatán,2020-04-15,128,132,7,7,12,13,0,0
Yucatán,2020-04-16,131,136,7,7,3,4,0,0
Yucatán,2020-04-17,140,145,8,8,9,9,1,1
Yucatán,2020-04-18,172,177,10,10,32,32,2,2
Yucatán,2020-04-19,176,180,10,10,4,3,0,0
Yucatán,2020-04-20,191,195,10,10,15,15,0,0
Yucatán,2020-04-21,194,199,12,12,3,4,2,2
Yucatán,2020-04-22,199,204,15,15,5,5,3,3
Yucatán,2020-04-23,234,238,18,18,35,34,3,3
Yucatán,2020-04-24,244,248,19,19,10,10,1,1
Yucatán,2020-04-25,299,302,20,20,55,54,1,1
Yucatán,2020-04-26,321,323,20,20,22,21,0,0
Yucatán,2020-04-27,350,353,23,23,29,30,3,3
Yucatán,2020-04-28,375,378,23,23,25,25,0,0
Zacatecas,2020-03-21,1,NA,0,NA,1,NA,0,NA
Zacatecas,2020-03-22,2,NA,0,NA,1,NA,0,NA
Zacatecas,2020-03-23,3,NA,0,NA,1,NA,0,NA
Zacatecas,2020-03-24,3,NA,0,NA,0,NA,0,NA
Zacatecas,2020-03-25,3,NA,0,NA,0,NA,0,NA
Zacatecas,2020-03-26,4,NA,0,NA,1,NA,0,NA
Zacatecas,2020-03-27,4,NA,0,NA,0,NA,0,NA
Zacatecas,2020-03-28,4,NA,0,NA,0,NA,0,NA
Zacatecas,2020-03-29,5,NA,0,NA,1,NA,0,NA
Zacatecas,2020-03-30,6,NA,0,NA,1,NA,0,NA
Zacatecas,2020-03-31,6,NA,0,NA,0,NA,0,NA
Zacatecas,2020-04-01,6,NA,1,NA,0,NA,1,NA
Zacatecas,2020-04-02,7,NA,1,NA,1,NA,0,NA
Zacatecas,2020-04-03,7,NA,1,NA,0,NA,0,NA
Zacatecas,2020-04-04,10,NA,2,NA,3,NA,1,NA
Zacatecas,2020-04-05,10,NA,2,NA,0,NA,0,NA
Zacatecas,2020-04-06,9,NA,2,NA,-1,NA,0,NA
Zacatecas,2020-04-07,10,NA,2,NA,1,NA,0,NA
Zacatecas,2020-04-08,11,NA,2,NA,1,NA,0,NA
Zacatecas,2020-04-09,11,NA,2,NA,0,NA,0,NA
Zacatecas,2020-04-10,14,NA,2,NA,3,NA,0,NA
Zacatecas,2020-04-11,14,NA,2,NA,0,NA,0,NA
Zacatecas,2020-04-12,15,16,2,2,1,NA,0,NA
Zacatecas,2020-04-13,16,17,2,2,1,1,0,0
Zacatecas,2020-04-14,17,18,2,2,1,1,0,0
Zacatecas,2020-04-15,18,19,2,2,1,1,0,0
Zacatecas,2020-04-16,18,18,2,2,0,-1,0,0
Zacatecas,2020-04-17,23,23,2,2,5,5,0,0
Zacatecas,2020-04-18,27,27,2,2,4,4,0,0
Zacatecas,2020-04-19,27,28,2,2,0,1,0,0
Zacatecas,2020-04-20,31,32,2,2,4,4,0,0
Zacatecas,2020-04-21,32,33,3,3,1,1,1,1
Zacatecas,2020-04-22,43,44,3,3,11,11,0,0
Zacatecas,2020-04-23,47,48,3,3,4,4,0,0
Zacatecas,2020-04-24,50,51,4,4,3,3,1,1
Zacatecas,2020-04-25,57,58,4,4,7,7,0,0
Zacatecas,2020-04-26,64,66,4,4,7,8,0,0
Zacatecas,2020-04-27,64,66,4,4,0,0,0,0
Zacatecas,2020-04-28,66,68,7,7,2,2,3,3
