fecha,sintomas_nuevos,ingreso_nuevos,muertes_nuevas,sintomas_acumulados,ingreso_acumulados,muertes_acumuladas,estado
2020-01-14,1,1,0,1,1,0,Aguascalientes
2020-01-15,0,0,0,1,1,0,Aguascalientes
2020-01-16,0,0,0,1,1,0,Aguascalientes
2020-01-17,0,0,0,1,1,0,Aguascalientes
2020-01-18,0,0,0,1,1,0,Aguascalientes
2020-01-19,0,0,0,1,1,0,Aguascalientes
2020-01-20,0,0,0,1,1,0,Aguascalientes
2020-01-21,0,0,0,1,1,0,Aguascalientes
2020-01-22,0,0,0,1,1,0,Aguascalientes
2020-01-23,0,0,0,1,1,0,Aguascalientes
2020-01-24,0,0,0,1,1,0,Aguascalientes
2020-01-25,0,0,0,1,1,0,Aguascalientes
2020-01-26,0,0,0,1,1,0,Aguascalientes
2020-01-27,0,0,0,1,1,0,Aguascalientes
2020-01-28,0,0,0,1,1,0,Aguascalientes
2020-01-29,0,0,0,1,1,0,Aguascalientes
2020-01-30,0,0,0,1,1,0,Aguascalientes
2020-01-31,0,0,0,1,1,0,Aguascalientes
2020-02-01,0,0,0,1,1,0,Aguascalientes
2020-02-02,0,0,0,1,1,0,Aguascalientes
2020-02-03,0,0,0,1,1,0,Aguascalientes
2020-02-04,0,0,0,1,1,0,Aguascalientes
2020-02-05,0,0,0,1,1,0,Aguascalientes
2020-02-06,0,0,0,1,1,0,Aguascalientes
2020-02-07,0,0,0,1,1,0,Aguascalientes
2020-02-08,0,0,0,1,1,0,Aguascalientes
2020-02-09,0,0,0,1,1,0,Aguascalientes
2020-02-10,0,0,0,1,1,0,Aguascalientes
2020-02-11,0,0,0,1,1,0,Aguascalientes
2020-02-12,0,0,0,1,1,0,Aguascalientes
2020-02-13,0,0,0,1,1,0,Aguascalientes
2020-02-14,0,0,0,1,1,0,Aguascalientes
2020-02-15,0,0,0,1,1,0,Aguascalientes
2020-02-16,0,0,0,1,1,0,Aguascalientes
2020-02-17,0,0,0,1,1,0,Aguascalientes
2020-02-18,0,0,0,1,1,0,Aguascalientes
2020-02-19,0,0,0,1,1,0,Aguascalientes
2020-02-20,0,0,0,1,1,0,Aguascalientes
2020-02-21,0,0,0,1,1,0,Aguascalientes
2020-02-22,0,0,0,1,1,0,Aguascalientes
2020-02-23,0,0,0,1,1,0,Aguascalientes
2020-02-24,0,0,0,1,1,0,Aguascalientes
2020-02-25,0,0,0,1,1,0,Aguascalientes
2020-02-26,0,0,0,1,1,0,Aguascalientes
2020-02-27,0,0,0,1,1,0,Aguascalientes
2020-02-28,0,0,0,1,1,0,Aguascalientes
2020-02-29,0,0,0,1,1,0,Aguascalientes
2020-03-01,0,0,0,1,1,0,Aguascalientes
2020-03-02,0,0,0,1,1,0,Aguascalientes
2020-03-03,0,0,0,1,1,0,Aguascalientes
2020-03-04,0,0,0,1,1,0,Aguascalientes
2020-03-05,0,0,0,1,1,0,Aguascalientes
2020-03-06,0,0,0,1,1,0,Aguascalientes
2020-03-07,0,0,0,1,1,0,Aguascalientes
2020-03-08,0,0,0,1,1,0,Aguascalientes
2020-03-09,0,0,0,1,1,0,Aguascalientes
2020-03-10,1,0,0,2,1,0,Aguascalientes
2020-03-11,0,0,0,2,1,0,Aguascalientes
2020-03-12,2,1,0,4,2,0,Aguascalientes
2020-03-13,0,0,0,4,2,0,Aguascalientes
2020-03-14,1,1,0,5,3,0,Aguascalientes
2020-03-15,1,0,0,6,3,0,Aguascalientes
2020-03-16,2,0,0,8,3,0,Aguascalientes
2020-03-17,2,1,0,10,4,0,Aguascalientes
2020-03-18,4,2,0,14,6,0,Aguascalientes
2020-03-19,2,1,0,16,7,0,Aguascalientes
2020-03-20,2,2,0,18,9,0,Aguascalientes
2020-03-21,0,1,0,18,10,0,Aguascalientes
2020-03-22,5,1,0,23,11,0,Aguascalientes
2020-03-23,9,4,0,32,15,0,Aguascalientes
2020-03-24,5,0,0,37,15,0,Aguascalientes
2020-03-25,5,17,0,42,32,0,Aguascalientes
2020-03-26,4,3,0,46,35,0,Aguascalientes
2020-03-27,5,6,0,51,41,0,Aguascalientes
2020-03-28,2,5,0,53,46,0,Aguascalientes
2020-03-29,2,3,0,55,49,0,Aguascalientes
2020-03-30,3,4,0,58,53,0,Aguascalientes
2020-03-31,1,1,0,59,54,0,Aguascalientes
2020-04-01,1,0,0,60,54,0,Aguascalientes
2020-04-02,2,0,0,62,54,0,Aguascalientes
2020-04-03,1,1,0,63,55,0,Aguascalientes
2020-04-04,0,0,0,63,55,0,Aguascalientes
2020-04-05,2,3,0,65,58,0,Aguascalientes
2020-04-06,4,4,0,69,62,0,Aguascalientes
2020-04-07,5,1,0,74,63,0,Aguascalientes
2020-04-08,2,1,0,76,64,0,Aguascalientes
2020-04-09,3,0,0,79,64,0,Aguascalientes
2020-04-10,3,2,1,82,66,1,Aguascalientes
2020-04-11,6,1,0,88,67,1,Aguascalientes
2020-04-12,6,2,0,94,69,1,Aguascalientes
2020-04-13,6,5,1,100,74,2,Aguascalientes
2020-04-14,11,1,0,111,75,2,Aguascalientes
2020-04-15,10,11,0,121,86,2,Aguascalientes
2020-04-16,9,6,0,130,92,2,Aguascalientes
2020-04-17,10,17,1,140,109,3,Aguascalientes
2020-04-18,15,13,0,155,122,3,Aguascalientes
2020-04-19,6,3,1,161,125,4,Aguascalientes
2020-04-20,19,16,0,180,141,4,Aguascalientes
2020-04-21,6,12,0,186,153,4,Aguascalientes
2020-04-22,11,13,1,197,166,5,Aguascalientes
2020-04-23,16,21,0,213,187,5,Aguascalientes
2020-04-24,11,11,0,224,198,5,Aguascalientes
2020-04-25,8,2,0,232,200,5,Aguascalientes
2020-04-26,10,7,0,242,207,5,Aguascalientes
2020-04-27,24,17,1,266,224,6,Aguascalientes
2020-04-28,7,27,1,273,251,7,Aguascalientes
2020-04-29,9,18,0,282,269,7,Aguascalientes
2020-04-30,12,21,1,294,290,8,Aguascalientes
2020-05-01,1,3,0,295,293,8,Aguascalientes
2020-05-02,1,2,1,296,295,9,Aguascalientes
2020-05-03,0,1,0,296,296,9,Aguascalientes
2020-05-04,0,0,1,296,296,10,Aguascalientes
2020-05-05,0,0,0,296,296,10,Aguascalientes
2020-05-06,0,0,1,296,296,11,Aguascalientes
2020-05-07,0,0,0,296,296,11,Aguascalientes
2020-01-17,1,0,0,1,0,0,Baja California
2020-01-18,0,0,0,1,0,0,Baja California
2020-01-19,0,0,0,1,0,0,Baja California
2020-01-20,0,0,0,1,0,0,Baja California
2020-01-21,0,0,0,1,0,0,Baja California
2020-01-22,0,0,0,1,0,0,Baja California
2020-01-23,0,0,0,1,0,0,Baja California
2020-01-24,0,0,0,1,0,0,Baja California
2020-01-25,0,0,0,1,0,0,Baja California
2020-01-26,0,0,0,1,0,0,Baja California
2020-01-27,0,0,0,1,0,0,Baja California
2020-01-28,0,0,0,1,0,0,Baja California
2020-01-29,0,0,0,1,0,0,Baja California
2020-01-30,0,0,0,1,0,0,Baja California
2020-01-31,0,0,0,1,0,0,Baja California
2020-02-01,0,0,0,1,0,0,Baja California
2020-02-02,0,0,0,1,0,0,Baja California
2020-02-03,0,0,0,1,0,0,Baja California
2020-02-04,0,0,0,1,0,0,Baja California
2020-02-05,0,0,0,1,0,0,Baja California
2020-02-06,1,0,0,2,0,0,Baja California
2020-02-07,0,0,0,2,0,0,Baja California
2020-02-08,0,0,0,2,0,0,Baja California
2020-02-09,0,0,0,2,0,0,Baja California
2020-02-10,0,0,0,2,0,0,Baja California
2020-02-11,0,0,0,2,0,0,Baja California
2020-02-12,0,0,0,2,0,0,Baja California
2020-02-13,0,0,0,2,0,0,Baja California
2020-02-14,0,0,0,2,0,0,Baja California
2020-02-15,0,0,0,2,0,0,Baja California
2020-02-16,0,0,0,2,0,0,Baja California
2020-02-17,0,0,0,2,0,0,Baja California
2020-02-18,0,0,0,2,0,0,Baja California
2020-02-19,0,0,0,2,0,0,Baja California
2020-02-20,0,0,0,2,0,0,Baja California
2020-02-21,0,0,0,2,0,0,Baja California
2020-02-22,0,0,0,2,0,0,Baja California
2020-02-23,0,0,0,2,0,0,Baja California
2020-02-24,0,0,0,2,0,0,Baja California
2020-02-25,0,0,0,2,0,0,Baja California
2020-02-26,0,0,0,2,0,0,Baja California
2020-02-27,0,0,0,2,0,0,Baja California
2020-02-28,0,0,0,2,0,0,Baja California
2020-02-29,0,0,0,2,0,0,Baja California
2020-03-01,0,0,0,2,0,0,Baja California
2020-03-02,0,0,0,2,0,0,Baja California
2020-03-03,0,0,0,2,0,0,Baja California
2020-03-04,0,0,0,2,0,0,Baja California
2020-03-05,0,0,0,2,0,0,Baja California
2020-03-06,0,0,0,2,0,0,Baja California
2020-03-07,0,0,0,2,0,0,Baja California
2020-03-08,0,0,0,2,0,0,Baja California
2020-03-09,1,0,0,3,0,0,Baja California
2020-03-10,0,0,0,3,0,0,Baja California
2020-03-11,2,1,0,5,1,0,Baja California
2020-03-12,2,0,0,7,1,0,Baja California
2020-03-13,5,0,0,12,1,0,Baja California
2020-03-14,4,0,0,16,1,0,Baja California
2020-03-15,3,0,0,19,1,0,Baja California
2020-03-16,5,1,0,24,2,0,Baja California
2020-03-17,5,3,0,29,5,0,Baja California
2020-03-18,11,4,0,40,9,0,Baja California
2020-03-19,10,5,0,50,14,0,Baja California
2020-03-20,16,6,0,66,20,0,Baja California
2020-03-21,6,3,0,72,23,0,Baja California
2020-03-22,6,2,0,78,25,0,Baja California
2020-03-23,16,10,0,94,35,0,Baja California
2020-03-24,20,9,0,114,44,0,Baja California
2020-03-25,17,8,0,131,52,0,Baja California
2020-03-26,24,11,0,155,63,0,Baja California
2020-03-27,27,17,0,182,80,0,Baja California
2020-03-28,25,7,0,207,87,0,Baja California
2020-03-29,37,21,1,244,108,1,Baja California
2020-03-30,41,29,2,285,137,3,Baja California
2020-03-31,33,45,2,318,182,5,Baja California
2020-04-01,54,64,2,372,246,7,Baja California
2020-04-02,65,30,5,437,276,12,Baja California
2020-04-03,49,39,2,486,315,14,Baja California
2020-04-04,51,25,5,537,340,19,Baja California
2020-04-05,46,20,2,583,360,21,Baja California
2020-04-06,51,66,10,634,426,31,Baja California
2020-04-07,53,40,5,687,466,36,Baja California
2020-04-08,77,61,6,764,527,42,Baja California
2020-04-09,83,60,5,847,587,47,Baja California
2020-04-10,101,47,6,948,634,53,Baja California
2020-04-11,76,34,9,1024,668,62,Baja California
2020-04-12,84,40,11,1108,708,73,Baja California
2020-04-13,62,83,6,1170,791,79,Baja California
2020-04-14,84,103,10,1254,894,89,Baja California
2020-04-15,66,98,15,1320,992,104,Baja California
2020-04-16,68,83,10,1388,1075,114,Baja California
2020-04-17,74,91,14,1462,1166,128,Baja California
2020-04-18,66,44,12,1528,1210,140,Baja California
2020-04-19,76,36,16,1604,1246,156,Baja California
2020-04-20,94,99,12,1698,1345,168,Baja California
2020-04-21,60,80,11,1758,1425,179,Baja California
2020-04-22,80,65,14,1838,1490,193,Baja California
2020-04-23,56,102,13,1894,1592,206,Baja California
2020-04-24,59,80,21,1953,1672,227,Baja California
2020-04-25,62,38,11,2015,1710,238,Baja California
2020-04-26,45,50,11,2060,1760,249,Baja California
2020-04-27,49,87,26,2109,1847,275,Baja California
2020-04-28,26,83,12,2135,1930,287,Baja California
2020-04-29,16,89,17,2151,2019,304,Baja California
2020-04-30,25,61,8,2176,2080,312,Baja California
2020-05-01,17,50,12,2193,2130,324,Baja California
2020-05-02,7,19,6,2200,2149,330,Baja California
2020-05-03,2,18,3,2202,2167,333,Baja California
2020-05-04,2,27,4,2204,2194,337,Baja California
2020-05-05,0,6,6,2204,2200,343,Baja California
2020-05-06,0,4,1,2204,2204,344,Baja California
2020-05-07,0,0,0,2204,2204,344,Baja California
2020-03-13,1,0,0,1,0,0,Baja California Sur
2020-03-14,0,0,0,1,0,0,Baja California Sur
2020-03-15,0,0,0,1,0,0,Baja California Sur
2020-03-16,3,0,0,4,0,0,Baja California Sur
2020-03-17,1,0,0,5,0,0,Baja California Sur
2020-03-18,1,1,0,6,1,0,Baja California Sur
2020-03-19,0,0,0,6,1,0,Baja California Sur
2020-03-20,1,1,0,7,2,0,Baja California Sur
2020-03-21,4,1,0,11,3,0,Baja California Sur
2020-03-22,5,0,0,16,3,0,Baja California Sur
2020-03-23,5,4,0,21,7,0,Baja California Sur
2020-03-24,2,2,0,23,9,0,Baja California Sur
2020-03-25,5,0,0,28,9,0,Baja California Sur
2020-03-26,6,2,0,34,11,0,Baja California Sur
2020-03-27,8,4,0,42,15,0,Baja California Sur
2020-03-28,9,4,0,51,19,0,Baja California Sur
2020-03-29,4,1,1,55,20,1,Baja California Sur
2020-03-30,15,13,0,70,33,1,Baja California Sur
2020-03-31,13,7,1,83,40,2,Baja California Sur
2020-04-01,18,5,0,101,45,2,Baja California Sur
2020-04-02,17,11,0,118,56,2,Baja California Sur
2020-04-03,22,16,0,140,72,2,Baja California Sur
2020-04-04,20,6,1,160,78,3,Baja California Sur
2020-04-05,20,5,1,180,83,4,Baja California Sur
2020-04-06,13,23,0,193,106,4,Baja California Sur
2020-04-07,6,24,0,199,130,4,Baja California Sur
2020-04-08,8,24,1,207,154,5,Baja California Sur
2020-04-09,6,25,0,213,179,5,Baja California Sur
2020-04-10,12,9,0,225,188,5,Baja California Sur
2020-04-11,12,7,1,237,195,6,Baja California Sur
2020-04-12,10,5,1,247,200,7,Baja California Sur
2020-04-13,8,14,1,255,214,8,Baja California Sur
2020-04-14,7,17,0,262,231,8,Baja California Sur
2020-04-15,6,5,0,268,236,8,Baja California Sur
2020-04-16,5,9,1,273,245,9,Baja California Sur
2020-04-17,7,6,1,280,251,10,Baja California Sur
2020-04-18,10,4,0,290,255,10,Baja California Sur
2020-04-19,5,8,0,295,263,10,Baja California Sur
2020-04-20,12,7,1,307,270,11,Baja California Sur
2020-04-21,1,13,1,308,283,12,Baja California Sur
2020-04-22,11,5,2,319,288,14,Baja California Sur
2020-04-23,5,7,0,324,295,14,Baja California Sur
2020-04-24,10,13,1,334,308,15,Baja California Sur
2020-04-25,7,5,0,341,313,15,Baja California Sur
2020-04-26,4,6,2,345,319,17,Baja California Sur
2020-04-27,4,10,0,349,329,17,Baja California Sur
2020-04-28,2,4,1,351,333,18,Baja California Sur
2020-04-29,3,4,1,354,337,19,Baja California Sur
2020-04-30,4,8,0,358,345,19,Baja California Sur
2020-05-01,6,0,0,364,345,19,Baja California Sur
2020-05-02,0,8,0,364,353,19,Baja California Sur
2020-05-03,2,4,0,366,357,19,Baja California Sur
2020-05-04,0,2,0,366,359,19,Baja California Sur
2020-05-05,1,4,0,367,363,19,Baja California Sur
2020-05-06,0,4,1,367,367,20,Baja California Sur
2020-05-07,0,0,0,367,367,20,Baja California Sur
2020-03-12,1,1,0,1,1,0,Campeche
2020-03-13,0,0,0,1,1,0,Campeche
2020-03-14,0,0,0,1,1,0,Campeche
2020-03-15,0,0,0,1,1,0,Campeche
2020-03-16,0,0,0,1,1,0,Campeche
2020-03-17,0,0,0,1,1,0,Campeche
2020-03-18,1,0,0,2,1,0,Campeche
2020-03-19,0,0,0,2,1,0,Campeche
2020-03-20,1,0,0,3,1,0,Campeche
2020-03-21,0,0,0,3,1,0,Campeche
2020-03-22,0,0,0,3,1,0,Campeche
2020-03-23,2,1,0,5,2,0,Campeche
2020-03-24,0,0,0,5,2,0,Campeche
2020-03-25,2,0,0,7,2,0,Campeche
2020-03-26,0,1,0,7,3,0,Campeche
2020-03-27,3,3,0,10,6,0,Campeche
2020-03-28,2,0,0,12,6,0,Campeche
2020-03-29,0,1,0,12,7,0,Campeche
2020-03-30,2,0,0,14,7,0,Campeche
2020-03-31,3,0,0,17,7,0,Campeche
2020-04-01,1,1,0,18,8,0,Campeche
2020-04-02,2,2,0,20,10,0,Campeche
2020-04-03,4,1,0,24,11,0,Campeche
2020-04-04,6,0,0,30,11,0,Campeche
2020-04-05,2,3,0,32,14,0,Campeche
2020-04-06,7,2,2,39,16,2,Campeche
2020-04-07,4,0,0,43,16,2,Campeche
2020-04-08,6,0,0,49,16,2,Campeche
2020-04-09,2,2,0,51,18,2,Campeche
2020-04-10,4,2,1,55,20,3,Campeche
2020-04-11,7,18,0,62,38,3,Campeche
2020-04-12,4,5,0,66,43,3,Campeche
2020-04-13,7,4,0,73,47,3,Campeche
2020-04-14,3,6,1,76,53,4,Campeche
2020-04-15,9,4,0,85,57,4,Campeche
2020-04-16,6,5,0,91,62,4,Campeche
2020-04-17,7,3,1,98,65,5,Campeche
2020-04-18,6,8,1,104,73,6,Campeche
2020-04-19,6,3,2,110,76,8,Campeche
2020-04-20,12,10,0,122,86,8,Campeche
2020-04-21,7,10,1,129,96,9,Campeche
2020-04-22,12,8,2,141,104,11,Campeche
2020-04-23,6,6,2,147,110,13,Campeche
2020-04-24,7,8,2,154,118,15,Campeche
2020-04-25,13,8,2,167,126,17,Campeche
2020-04-26,4,10,1,171,136,18,Campeche
2020-04-27,9,6,1,180,142,19,Campeche
2020-04-28,4,6,0,184,148,19,Campeche
2020-04-29,9,6,3,193,154,22,Campeche
2020-04-30,5,7,0,198,161,22,Campeche
2020-05-01,13,8,1,211,169,23,Campeche
2020-05-02,3,10,0,214,179,23,Campeche
2020-05-03,3,14,1,217,193,24,Campeche
2020-05-04,1,17,0,218,210,24,Campeche
2020-05-05,1,7,1,219,217,25,Campeche
2020-05-06,0,2,1,219,219,26,Campeche
2020-05-07,0,0,0,219,219,26,Campeche
2020-01-28,1,1,0,1,1,0,Coahuila
2020-01-29,0,0,0,1,1,0,Coahuila
2020-01-30,0,0,0,1,1,0,Coahuila
2020-01-31,0,0,0,1,1,0,Coahuila
2020-02-01,0,0,0,1,1,0,Coahuila
2020-02-02,0,0,0,1,1,0,Coahuila
2020-02-03,0,0,0,1,1,0,Coahuila
2020-02-04,0,0,0,1,1,0,Coahuila
2020-02-05,0,0,0,1,1,0,Coahuila
2020-02-06,0,0,0,1,1,0,Coahuila
2020-02-07,0,0,0,1,1,0,Coahuila
2020-02-08,0,0,0,1,1,0,Coahuila
2020-02-09,0,0,0,1,1,0,Coahuila
2020-02-10,0,0,0,1,1,0,Coahuila
2020-02-11,0,0,0,1,1,0,Coahuila
2020-02-12,0,0,0,1,1,0,Coahuila
2020-02-13,0,0,0,1,1,0,Coahuila
2020-02-14,0,0,0,1,1,0,Coahuila
2020-02-15,0,0,0,1,1,0,Coahuila
2020-02-16,0,0,0,1,1,0,Coahuila
2020-02-17,0,0,0,1,1,0,Coahuila
2020-02-18,1,1,0,2,2,0,Coahuila
2020-02-19,0,0,0,2,2,0,Coahuila
2020-02-20,0,0,0,2,2,0,Coahuila
2020-02-21,0,0,0,2,2,0,Coahuila
2020-02-22,0,0,0,2,2,0,Coahuila
2020-02-23,0,0,0,2,2,0,Coahuila
2020-02-24,0,0,0,2,2,0,Coahuila
2020-02-25,0,0,0,2,2,0,Coahuila
2020-02-26,0,0,0,2,2,0,Coahuila
2020-02-27,1,0,0,3,2,0,Coahuila
2020-02-28,0,1,0,3,3,0,Coahuila
2020-02-29,0,0,0,3,3,0,Coahuila
2020-03-01,0,0,0,3,3,0,Coahuila
2020-03-02,1,1,0,4,4,0,Coahuila
2020-03-03,0,0,0,4,4,0,Coahuila
2020-03-04,0,0,0,4,4,0,Coahuila
2020-03-05,0,0,0,4,4,0,Coahuila
2020-03-06,0,0,0,4,4,0,Coahuila
2020-03-07,0,0,0,4,4,0,Coahuila
2020-03-08,0,0,0,4,4,0,Coahuila
2020-03-09,0,0,0,4,4,0,Coahuila
2020-03-10,0,0,0,4,4,0,Coahuila
2020-03-11,0,0,0,4,4,0,Coahuila
2020-03-12,0,0,0,4,4,0,Coahuila
2020-03-13,1,0,0,5,4,0,Coahuila
2020-03-14,0,0,0,5,4,0,Coahuila
2020-03-15,0,0,0,5,4,0,Coahuila
2020-03-16,2,1,0,7,5,0,Coahuila
2020-03-17,3,2,0,10,7,0,Coahuila
2020-03-18,4,2,0,14,9,0,Coahuila
2020-03-19,1,3,0,15,12,0,Coahuila
2020-03-20,5,4,0,20,16,0,Coahuila
2020-03-21,6,0,0,26,16,0,Coahuila
2020-03-22,2,0,0,28,16,0,Coahuila
2020-03-23,10,1,0,38,17,0,Coahuila
2020-03-24,7,5,0,45,22,0,Coahuila
2020-03-25,7,0,0,52,22,0,Coahuila
2020-03-26,14,3,0,66,25,0,Coahuila
2020-03-27,19,4,0,85,29,0,Coahuila
2020-03-28,15,4,1,100,33,1,Coahuila
2020-03-29,14,7,0,114,40,1,Coahuila
2020-03-30,22,18,1,136,58,2,Coahuila
2020-03-31,11,14,1,147,72,3,Coahuila
2020-04-01,14,17,0,161,89,3,Coahuila
2020-04-02,11,18,2,172,107,5,Coahuila
2020-04-03,11,23,1,183,130,6,Coahuila
2020-04-04,17,10,0,200,140,6,Coahuila
2020-04-05,6,4,2,206,144,8,Coahuila
2020-04-06,14,25,1,220,169,9,Coahuila
2020-04-07,13,8,4,233,177,13,Coahuila
2020-04-08,10,19,0,243,196,13,Coahuila
2020-04-09,8,7,1,251,203,14,Coahuila
2020-04-10,13,11,1,264,214,15,Coahuila
2020-04-11,8,7,0,272,221,15,Coahuila
2020-04-12,9,6,0,281,227,15,Coahuila
2020-04-13,14,14,1,295,241,16,Coahuila
2020-04-14,10,15,3,305,256,19,Coahuila
2020-04-15,16,16,1,321,272,20,Coahuila
2020-04-16,15,3,3,336,275,23,Coahuila
2020-04-17,9,9,0,345,284,23,Coahuila
2020-04-18,13,6,0,358,290,23,Coahuila
2020-04-19,4,9,2,362,299,25,Coahuila
2020-04-20,14,9,4,376,308,29,Coahuila
2020-04-21,10,19,2,386,327,31,Coahuila
2020-04-22,7,13,2,393,340,33,Coahuila
2020-04-23,12,9,2,405,349,35,Coahuila
2020-04-24,11,14,2,416,363,37,Coahuila
2020-04-25,10,3,2,426,366,39,Coahuila
2020-04-26,11,4,2,437,370,41,Coahuila
2020-04-27,9,25,0,446,395,41,Coahuila
2020-04-28,10,17,2,456,412,43,Coahuila
2020-04-29,6,12,0,462,424,43,Coahuila
2020-04-30,10,20,0,472,444,43,Coahuila
2020-05-01,9,14,0,481,458,43,Coahuila
2020-05-02,8,6,1,489,464,44,Coahuila
2020-05-03,1,0,1,490,464,45,Coahuila
2020-05-04,5,20,3,495,484,48,Coahuila
2020-05-05,6,15,0,501,499,48,Coahuila
2020-05-06,0,2,2,501,501,50,Coahuila
2020-05-07,0,0,0,501,501,50,Coahuila
2020-03-12,1,0,0,1,0,0,Colima
2020-03-13,0,0,0,1,0,0,Colima
2020-03-14,0,1,0,1,1,0,Colima
2020-03-15,1,0,0,2,1,0,Colima
2020-03-16,0,1,0,2,2,0,Colima
2020-03-17,0,0,0,2,2,0,Colima
2020-03-18,0,0,0,2,2,0,Colima
2020-03-19,0,0,0,2,2,0,Colima
2020-03-20,0,0,0,2,2,0,Colima
2020-03-21,0,0,0,2,2,0,Colima
2020-03-22,0,0,0,2,2,0,Colima
2020-03-23,0,0,0,2,2,0,Colima
2020-03-24,1,1,0,3,3,0,Colima
2020-03-25,1,0,0,4,3,0,Colima
2020-03-26,0,0,0,4,3,0,Colima
2020-03-27,0,0,0,4,3,0,Colima
2020-03-28,2,0,0,6,3,0,Colima
2020-03-29,1,0,0,7,3,0,Colima
2020-03-30,0,1,0,7,4,0,Colima
2020-03-31,0,1,0,7,5,0,Colima
2020-04-01,0,2,0,7,7,0,Colima
2020-04-02,0,0,0,7,7,0,Colima
2020-04-03,0,0,0,7,7,0,Colima
2020-04-04,0,0,0,7,7,0,Colima
2020-04-05,0,0,0,7,7,0,Colima
2020-04-06,1,0,0,8,7,0,Colima
2020-04-07,0,0,0,8,7,0,Colima
2020-04-08,0,0,0,8,7,0,Colima
2020-04-09,0,0,0,8,7,0,Colima
2020-04-10,0,0,0,8,7,0,Colima
2020-04-11,2,0,0,10,7,0,Colima
2020-04-12,3,2,0,13,9,0,Colima
2020-04-13,0,0,1,13,9,1,Colima
2020-04-14,0,0,0,13,9,1,Colima
2020-04-15,2,1,0,15,10,1,Colima
2020-04-16,0,2,1,15,12,2,Colima
2020-04-17,6,2,0,21,14,2,Colima
2020-04-18,1,1,0,22,15,2,Colima
2020-04-19,0,1,0,22,16,2,Colima
2020-04-20,1,1,0,23,17,2,Colima
2020-04-21,1,1,0,24,18,2,Colima
2020-04-22,0,1,0,24,19,2,Colima
2020-04-23,2,3,0,26,22,2,Colima
2020-04-24,1,2,0,27,24,2,Colima
2020-04-25,1,1,0,28,25,2,Colima
2020-04-26,0,0,1,28,25,3,Colima
2020-04-27,2,2,0,30,27,3,Colima
2020-04-28,0,0,0,30,27,3,Colima
2020-04-29,1,0,0,31,27,3,Colima
2020-04-30,2,3,0,33,30,3,Colima
2020-05-01,0,0,0,33,30,3,Colima
2020-05-02,0,0,1,33,30,4,Colima
2020-05-03,0,1,0,33,31,4,Colima
2020-05-04,0,0,1,33,31,5,Colima
2020-05-05,0,2,1,33,33,6,Colima
2020-05-06,0,0,0,33,33,6,Colima
2020-05-07,0,0,0,33,33,6,Colima
2020-02-25,1,0,0,1,0,0,Chiapas
2020-02-26,0,0,0,1,0,0,Chiapas
2020-02-27,0,0,0,1,0,0,Chiapas
2020-02-28,0,0,0,1,0,0,Chiapas
2020-02-29,0,1,0,1,1,0,Chiapas
2020-03-01,0,0,0,1,1,0,Chiapas
2020-03-02,0,0,0,1,1,0,Chiapas
2020-03-03,0,0,0,1,1,0,Chiapas
2020-03-04,0,0,0,1,1,0,Chiapas
2020-03-05,0,0,0,1,1,0,Chiapas
2020-03-06,0,0,0,1,1,0,Chiapas
2020-03-07,0,0,0,1,1,0,Chiapas
2020-03-08,0,0,0,1,1,0,Chiapas
2020-03-09,0,0,0,1,1,0,Chiapas
2020-03-10,0,0,0,1,1,0,Chiapas
2020-03-11,0,0,0,1,1,0,Chiapas
2020-03-12,0,0,0,1,1,0,Chiapas
2020-03-13,1,0,0,2,1,0,Chiapas
2020-03-14,1,0,0,3,1,0,Chiapas
2020-03-15,0,0,0,3,1,0,Chiapas
2020-03-16,0,0,0,3,1,0,Chiapas
2020-03-17,0,0,0,3,1,0,Chiapas
2020-03-18,0,1,0,3,2,0,Chiapas
2020-03-19,0,0,0,3,2,0,Chiapas
2020-03-20,2,0,0,5,2,0,Chiapas
2020-03-21,2,0,0,7,2,0,Chiapas
2020-03-22,3,0,0,10,2,0,Chiapas
2020-03-23,4,3,0,14,5,0,Chiapas
2020-03-24,1,0,0,15,5,0,Chiapas
2020-03-25,4,2,0,19,7,0,Chiapas
2020-03-26,0,0,0,19,7,0,Chiapas
2020-03-27,3,5,0,22,12,0,Chiapas
2020-03-28,4,1,0,26,13,0,Chiapas
2020-03-29,1,0,0,27,13,0,Chiapas
2020-03-30,1,1,0,28,14,0,Chiapas
2020-03-31,2,2,0,30,16,0,Chiapas
2020-04-01,2,4,0,32,20,0,Chiapas
2020-04-02,2,3,0,34,23,0,Chiapas
2020-04-03,4,5,0,38,28,0,Chiapas
2020-04-04,3,1,0,41,29,0,Chiapas
2020-04-05,1,1,0,42,30,0,Chiapas
2020-04-06,2,5,1,44,35,1,Chiapas
2020-04-07,5,2,0,49,37,1,Chiapas
2020-04-08,4,4,0,53,41,1,Chiapas
2020-04-09,1,3,1,54,44,2,Chiapas
2020-04-10,2,3,0,56,47,2,Chiapas
2020-04-11,5,0,1,61,47,3,Chiapas
2020-04-12,2,0,0,63,47,3,Chiapas
2020-04-13,8,5,0,71,52,3,Chiapas
2020-04-14,6,4,0,77,56,3,Chiapas
2020-04-15,9,5,0,86,61,3,Chiapas
2020-04-16,13,3,0,99,64,3,Chiapas
2020-04-17,7,9,0,106,73,3,Chiapas
2020-04-18,8,4,0,114,77,3,Chiapas
2020-04-19,8,7,1,122,84,4,Chiapas
2020-04-20,18,10,0,140,94,4,Chiapas
2020-04-21,3,7,0,143,101,4,Chiapas
2020-04-22,14,11,1,157,112,5,Chiapas
2020-04-23,15,13,1,172,125,6,Chiapas
2020-04-24,10,13,0,182,138,6,Chiapas
2020-04-25,19,9,0,201,147,6,Chiapas
2020-04-26,12,9,0,213,156,6,Chiapas
2020-04-27,15,20,1,228,176,7,Chiapas
2020-04-28,12,9,1,240,185,8,Chiapas
2020-04-29,13,18,1,253,203,9,Chiapas
2020-04-30,13,14,0,266,217,9,Chiapas
2020-05-01,8,13,0,274,230,9,Chiapas
2020-05-02,3,11,3,277,241,12,Chiapas
2020-05-03,5,10,0,282,251,12,Chiapas
2020-05-04,1,23,0,283,274,12,Chiapas
2020-05-05,1,10,0,284,284,12,Chiapas
2020-05-06,0,0,0,284,284,12,Chiapas
2020-05-07,0,0,0,284,284,12,Chiapas
2020-03-12,1,0,0,1,0,0,Chihuahua
2020-03-13,1,0,0,2,0,0,Chihuahua
2020-03-14,0,1,0,2,1,0,Chihuahua
2020-03-15,1,0,0,3,1,0,Chihuahua
2020-03-16,1,0,0,4,1,0,Chihuahua
2020-03-17,1,0,0,5,1,0,Chihuahua
2020-03-18,2,1,0,7,2,0,Chihuahua
2020-03-19,1,1,0,8,3,0,Chihuahua
2020-03-20,3,3,0,11,6,0,Chihuahua
2020-03-21,2,1,0,13,7,0,Chihuahua
2020-03-22,1,1,0,14,8,0,Chihuahua
2020-03-23,1,0,0,15,8,0,Chihuahua
2020-03-24,4,1,0,19,9,0,Chihuahua
2020-03-25,4,2,0,23,11,0,Chihuahua
2020-03-26,5,2,0,28,13,0,Chihuahua
2020-03-27,1,2,0,29,15,0,Chihuahua
2020-03-28,6,2,0,35,17,0,Chihuahua
2020-03-29,7,5,0,42,22,0,Chihuahua
2020-03-30,2,3,0,44,25,0,Chihuahua
2020-03-31,10,5,0,54,30,0,Chihuahua
2020-04-01,7,7,0,61,37,0,Chihuahua
2020-04-02,11,6,0,72,43,0,Chihuahua
2020-04-03,14,5,2,86,48,2,Chihuahua
2020-04-04,7,8,1,93,56,3,Chihuahua
2020-04-05,7,12,1,100,68,4,Chihuahua
2020-04-06,8,10,2,108,78,6,Chihuahua
2020-04-07,10,5,5,118,83,11,Chihuahua
2020-04-08,13,10,6,131,93,17,Chihuahua
2020-04-09,9,6,4,140,99,21,Chihuahua
2020-04-10,20,10,1,160,109,22,Chihuahua
2020-04-11,12,10,1,172,119,23,Chihuahua
2020-04-12,10,9,4,182,128,27,Chihuahua
2020-04-13,13,16,3,195,144,30,Chihuahua
2020-04-14,12,11,2,207,155,32,Chihuahua
2020-04-15,28,16,6,235,171,38,Chihuahua
2020-04-16,20,21,3,255,192,41,Chihuahua
2020-04-17,29,16,6,284,208,47,Chihuahua
2020-04-18,35,11,4,319,219,51,Chihuahua
2020-04-19,24,13,3,343,232,54,Chihuahua
2020-04-20,45,30,5,388,262,59,Chihuahua
2020-04-21,22,22,8,410,284,67,Chihuahua
2020-04-22,29,28,5,439,312,72,Chihuahua
2020-04-23,23,37,2,462,349,74,Chihuahua
2020-04-24,39,31,12,501,380,86,Chihuahua
2020-04-25,32,20,4,533,400,90,Chihuahua
2020-04-26,17,15,4,550,415,94,Chihuahua
2020-04-27,19,38,2,569,453,96,Chihuahua
2020-04-28,21,37,2,590,490,98,Chihuahua
2020-04-29,11,41,4,601,531,102,Chihuahua
2020-04-30,9,31,6,610,562,108,Chihuahua
2020-05-01,4,23,5,614,585,113,Chihuahua
2020-05-02,3,24,1,617,609,114,Chihuahua
2020-05-03,0,5,1,617,614,115,Chihuahua
2020-05-04,0,3,2,617,617,117,Chihuahua
2020-05-05,0,0,0,617,617,117,Chihuahua
2020-05-06,0,0,0,617,617,117,Chihuahua
2020-05-07,0,0,0,617,617,117,Chihuahua
2020-01-30,1,0,0,1,0,0,Ciudad de México
2020-01-31,0,1,0,1,1,0,Ciudad de México
2020-02-01,0,0,0,1,1,0,Ciudad de México
2020-02-02,0,0,0,1,1,0,Ciudad de México
2020-02-03,0,0,0,1,1,0,Ciudad de México
2020-02-04,0,0,0,1,1,0,Ciudad de México
2020-02-05,0,0,0,1,1,0,Ciudad de México
2020-02-06,0,0,0,1,1,0,Ciudad de México
2020-02-07,0,0,0,1,1,0,Ciudad de México
2020-02-08,0,0,0,1,1,0,Ciudad de México
2020-02-09,0,0,0,1,1,0,Ciudad de México
2020-02-10,0,0,0,1,1,0,Ciudad de México
2020-02-11,0,0,0,1,1,0,Ciudad de México
2020-02-12,0,0,0,1,1,0,Ciudad de México
2020-02-13,0,0,0,1,1,0,Ciudad de México
2020-02-14,0,0,0,1,1,0,Ciudad de México
2020-02-15,0,0,0,1,1,0,Ciudad de México
2020-02-16,0,0,0,1,1,0,Ciudad de México
2020-02-17,1,0,0,2,1,0,Ciudad de México
2020-02-18,0,0,0,2,1,0,Ciudad de México
2020-02-19,0,0,0,2,1,0,Ciudad de México
2020-02-20,0,0,0,2,1,0,Ciudad de México
2020-02-21,0,0,0,2,1,0,Ciudad de México
2020-02-22,1,0,0,3,1,0,Ciudad de México
2020-02-23,1,0,0,4,1,0,Ciudad de México
2020-02-24,0,0,0,4,1,0,Ciudad de México
2020-02-25,0,0,0,4,1,0,Ciudad de México
2020-02-26,1,0,0,5,1,0,Ciudad de México
2020-02-27,1,3,0,6,4,0,Ciudad de México
2020-02-28,2,0,0,8,4,0,Ciudad de México
2020-02-29,2,0,0,10,4,0,Ciudad de México
2020-03-01,2,0,0,12,4,0,Ciudad de México
2020-03-02,4,0,0,16,4,0,Ciudad de México
2020-03-03,4,0,0,20,4,0,Ciudad de México
2020-03-04,5,1,0,25,5,0,Ciudad de México
2020-03-05,0,1,0,25,6,0,Ciudad de México
2020-03-06,5,0,0,30,6,0,Ciudad de México
2020-03-07,9,1,0,39,7,0,Ciudad de México
2020-03-08,7,2,0,46,9,0,Ciudad de México
2020-03-09,22,0,0,68,9,0,Ciudad de México
2020-03-10,26,3,0,94,12,0,Ciudad de México
2020-03-11,23,17,0,117,29,0,Ciudad de México
2020-03-12,21,18,0,138,47,0,Ciudad de México
2020-03-13,36,27,0,174,74,0,Ciudad de México
2020-03-14,39,25,0,213,99,0,Ciudad de México
2020-03-15,38,17,0,251,116,0,Ciudad de México
2020-03-16,44,26,0,295,142,0,Ciudad de México
2020-03-17,29,38,0,324,180,0,Ciudad de México
2020-03-18,30,36,1,354,216,1,Ciudad de México
2020-03-19,35,49,0,389,265,1,Ciudad de México
2020-03-20,53,25,0,442,290,1,Ciudad de México
2020-03-21,26,12,0,468,302,1,Ciudad de México
2020-03-22,30,14,1,498,316,2,Ciudad de México
2020-03-23,53,28,1,551,344,3,Ciudad de México
2020-03-24,45,31,0,596,375,3,Ciudad de México
2020-03-25,54,25,1,650,400,4,Ciudad de México
2020-03-26,87,49,3,737,449,7,Ciudad de México
2020-03-27,66,41,3,803,490,10,Ciudad de México
2020-03-28,64,57,2,867,547,12,Ciudad de México
2020-03-29,55,45,2,922,592,14,Ciudad de México
2020-03-30,102,77,4,1024,669,18,Ciudad de México
2020-03-31,76,48,7,1100,717,25,Ciudad de México
2020-04-01,129,65,6,1229,782,31,Ciudad de México
2020-04-02,115,69,5,1344,851,36,Ciudad de México
2020-04-03,115,87,7,1459,938,43,Ciudad de México
2020-04-04,127,55,5,1586,993,48,Ciudad de México
2020-04-05,127,58,4,1713,1051,52,Ciudad de México
2020-04-06,166,126,15,1879,1177,67,Ciudad de México
2020-04-07,149,144,10,2028,1321,77,Ciudad de México
2020-04-08,163,137,6,2191,1458,83,Ciudad de México
2020-04-09,187,137,16,2378,1595,99,Ciudad de México
2020-04-10,329,149,20,2707,1744,119,Ciudad de México
2020-04-11,209,118,20,2916,1862,139,Ciudad de México
2020-04-12,226,133,7,3142,1995,146,Ciudad de México
2020-04-13,296,258,15,3438,2253,161,Ciudad de México
2020-04-14,271,262,20,3709,2515,181,Ciudad de México
2020-04-15,368,237,25,4077,2752,206,Ciudad de México
2020-04-16,313,288,24,4390,3040,230,Ciudad de México
2020-04-17,372,340,13,4762,3380,243,Ciudad de México
2020-04-18,386,214,21,5148,3594,264,Ciudad de México
2020-04-19,363,194,24,5511,3788,288,Ciudad de México
2020-04-20,571,448,14,6082,4236,302,Ciudad de México
2020-04-21,335,455,32,6417,4691,334,Ciudad de México
2020-04-22,341,400,24,6758,5091,358,Ciudad de México
2020-04-23,351,365,23,7109,5456,381,Ciudad de México
2020-04-24,407,526,28,7516,5982,409,Ciudad de México
2020-04-25,377,239,28,7893,6221,437,Ciudad de México
2020-04-26,312,205,25,8205,6426,462,Ciudad de México
2020-04-27,353,515,20,8558,6941,482,Ciudad de México
2020-04-28,255,533,20,8813,7474,502,Ciudad de México
2020-04-29,158,502,21,8971,7976,523,Ciudad de México
2020-04-30,187,467,29,9158,8443,552,Ciudad de México
2020-05-01,150,217,35,9308,8660,587,Ciudad de México
2020-05-02,81,173,27,9389,8833,614,Ciudad de México
2020-05-03,68,167,32,9457,9000,646,Ciudad de México
2020-05-04,75,374,20,9532,9374,666,Ciudad de México
2020-05-05,1,142,25,9533,9516,691,Ciudad de México
2020-05-06,0,17,5,9533,9533,696,Ciudad de México
2020-05-07,0,0,0,9533,9533,696,Ciudad de México
2020-03-06,1,0,0,1,0,0,Durango
2020-03-07,0,0,0,1,0,0,Durango
2020-03-08,0,0,0,1,0,0,Durango
2020-03-09,1,0,0,2,0,0,Durango
2020-03-10,0,0,0,2,0,0,Durango
2020-03-11,1,1,0,3,1,0,Durango
2020-03-12,0,0,0,3,1,0,Durango
2020-03-13,0,1,0,3,2,0,Durango
2020-03-14,0,1,0,3,3,0,Durango
2020-03-15,1,0,0,4,3,0,Durango
2020-03-16,0,0,0,4,3,0,Durango
2020-03-17,0,1,0,4,4,0,Durango
2020-03-18,2,1,1,6,5,1,Durango
2020-03-19,1,0,0,7,5,1,Durango
2020-03-20,0,0,0,7,5,1,Durango
2020-03-21,0,1,0,7,6,1,Durango
2020-03-22,0,0,0,7,6,1,Durango
2020-03-23,2,1,0,9,7,1,Durango
2020-03-24,1,1,1,10,8,2,Durango
2020-03-25,1,1,0,11,9,2,Durango
2020-03-26,0,0,0,11,9,2,Durango
2020-03-27,0,0,0,11,9,2,Durango
2020-03-28,1,0,0,12,9,2,Durango
2020-03-29,1,0,0,13,9,2,Durango
2020-03-30,1,2,0,14,11,2,Durango
2020-03-31,0,2,1,14,13,3,Durango
2020-04-01,0,1,1,14,14,4,Durango
2020-04-02,1,0,0,15,14,4,Durango
2020-04-03,1,1,0,16,15,4,Durango
2020-04-04,0,0,0,16,15,4,Durango
2020-04-05,0,0,0,16,15,4,Durango
2020-04-06,1,1,0,17,16,4,Durango
2020-04-07,0,0,0,17,16,4,Durango
2020-04-08,1,0,0,18,16,4,Durango
2020-04-09,0,0,0,18,16,4,Durango
2020-04-10,4,0,0,22,16,4,Durango
2020-04-11,4,0,0,26,16,4,Durango
2020-04-12,1,0,0,27,16,4,Durango
2020-04-13,3,0,0,30,16,4,Durango
2020-04-14,6,0,0,36,16,4,Durango
2020-04-15,0,2,0,36,18,4,Durango
2020-04-16,2,2,0,38,20,4,Durango
2020-04-17,0,0,0,38,20,4,Durango
2020-04-18,2,2,0,40,22,4,Durango
2020-04-19,1,10,0,41,32,4,Durango
2020-04-20,6,4,0,47,36,4,Durango
2020-04-21,3,5,1,50,41,5,Durango
2020-04-22,6,2,0,56,43,5,Durango
2020-04-23,4,2,0,60,45,5,Durango
2020-04-24,7,2,1,67,47,6,Durango
2020-04-25,4,5,0,71,52,6,Durango
2020-04-26,9,6,0,80,58,6,Durango
2020-04-27,3,6,0,83,64,6,Durango
2020-04-28,4,2,1,87,66,7,Durango
2020-04-29,1,8,0,88,74,7,Durango
2020-04-30,2,2,0,90,76,7,Durango
2020-05-01,2,6,1,92,82,8,Durango
2020-05-02,2,4,2,94,86,10,Durango
2020-05-03,1,6,1,95,92,11,Durango
2020-05-04,0,1,0,95,93,11,Durango
2020-05-05,0,2,0,95,95,11,Durango
2020-05-06,0,0,0,95,95,11,Durango
2020-05-07,0,0,0,95,95,11,Durango
2020-02-07,1,1,0,1,1,0,Guanajuato
2020-02-08,0,0,0,1,1,0,Guanajuato
2020-02-09,0,0,0,1,1,0,Guanajuato
2020-02-10,0,0,0,1,1,0,Guanajuato
2020-02-11,0,0,0,1,1,0,Guanajuato
2020-02-12,0,0,0,1,1,0,Guanajuato
2020-02-13,0,0,0,1,1,0,Guanajuato
2020-02-14,0,0,0,1,1,0,Guanajuato
2020-02-15,0,0,0,1,1,0,Guanajuato
2020-02-16,0,0,0,1,1,0,Guanajuato
2020-02-17,0,0,0,1,1,0,Guanajuato
2020-02-18,0,0,0,1,1,0,Guanajuato
2020-02-19,0,0,0,1,1,0,Guanajuato
2020-02-20,0,0,0,1,1,0,Guanajuato
2020-02-21,0,0,0,1,1,0,Guanajuato
2020-02-22,0,0,0,1,1,0,Guanajuato
2020-02-23,0,0,0,1,1,0,Guanajuato
2020-02-24,0,0,0,1,1,0,Guanajuato
2020-02-25,0,0,0,1,1,0,Guanajuato
2020-02-26,0,0,0,1,1,0,Guanajuato
2020-02-27,0,0,0,1,1,0,Guanajuato
2020-02-28,0,0,0,1,1,0,Guanajuato
2020-02-29,0,0,0,1,1,0,Guanajuato
2020-03-01,0,0,0,1,1,0,Guanajuato
2020-03-02,0,0,0,1,1,0,Guanajuato
2020-03-03,0,0,0,1,1,0,Guanajuato
2020-03-04,0,0,0,1,1,0,Guanajuato
2020-03-05,0,0,0,1,1,0,Guanajuato
2020-03-06,0,0,0,1,1,0,Guanajuato
2020-03-07,0,0,0,1,1,0,Guanajuato
2020-03-08,0,0,0,1,1,0,Guanajuato
2020-03-09,0,0,0,1,1,0,Guanajuato
2020-03-10,1,0,0,2,1,0,Guanajuato
2020-03-11,0,0,0,2,1,0,Guanajuato
2020-03-12,2,0,0,4,1,0,Guanajuato
2020-03-13,0,1,0,4,2,0,Guanajuato
2020-03-14,3,0,0,7,2,0,Guanajuato
2020-03-15,3,2,0,10,4,0,Guanajuato
2020-03-16,10,2,0,20,6,0,Guanajuato
2020-03-17,3,0,0,23,6,0,Guanajuato
2020-03-18,2,1,0,25,7,0,Guanajuato
2020-03-19,1,0,0,26,7,0,Guanajuato
2020-03-20,7,4,0,33,11,0,Guanajuato
2020-03-21,4,11,0,37,22,0,Guanajuato
2020-03-22,5,1,0,42,23,0,Guanajuato
2020-03-23,1,6,0,43,29,0,Guanajuato
2020-03-24,3,1,0,46,30,0,Guanajuato
2020-03-25,3,3,0,49,33,0,Guanajuato
2020-03-26,5,6,0,54,39,0,Guanajuato
2020-03-27,5,5,0,59,44,0,Guanajuato
2020-03-28,1,4,0,60,48,0,Guanajuato
2020-03-29,0,1,0,60,49,0,Guanajuato
2020-03-30,1,4,0,61,53,0,Guanajuato
2020-03-31,1,2,0,62,55,0,Guanajuato
2020-04-01,7,1,0,69,56,0,Guanajuato
2020-04-02,7,2,0,76,58,0,Guanajuato
2020-04-03,6,5,0,82,63,0,Guanajuato
2020-04-04,3,3,0,85,66,0,Guanajuato
2020-04-05,5,3,2,90,69,2,Guanajuato
2020-04-06,2,7,0,92,76,2,Guanajuato
2020-04-07,1,6,1,93,82,3,Guanajuato
2020-04-08,4,8,0,97,90,3,Guanajuato
2020-04-09,4,2,1,101,92,4,Guanajuato
2020-04-10,6,3,1,107,95,5,Guanajuato
2020-04-11,4,3,0,111,98,5,Guanajuato
2020-04-12,7,1,0,118,99,5,Guanajuato
2020-04-13,10,3,0,128,102,5,Guanajuato
2020-04-14,22,3,2,150,105,7,Guanajuato
2020-04-15,15,14,1,165,119,8,Guanajuato
2020-04-16,14,12,0,179,131,8,Guanajuato
2020-04-17,6,28,3,185,159,11,Guanajuato
2020-04-18,15,10,0,200,169,11,Guanajuato
2020-04-19,13,10,0,213,179,11,Guanajuato
2020-04-20,14,13,0,227,192,11,Guanajuato
2020-04-21,12,9,2,239,201,13,Guanajuato
2020-04-22,11,12,3,250,213,16,Guanajuato
2020-04-23,9,9,3,259,222,19,Guanajuato
2020-04-24,20,13,1,279,235,20,Guanajuato
2020-04-25,14,10,2,293,245,22,Guanajuato
2020-04-26,20,7,2,313,252,24,Guanajuato
2020-04-27,13,25,0,326,277,24,Guanajuato
2020-04-28,9,17,0,335,294,24,Guanajuato
2020-04-29,5,14,2,340,308,26,Guanajuato
2020-04-30,12,15,3,352,323,29,Guanajuato
2020-05-01,16,12,3,368,335,32,Guanajuato
2020-05-02,16,4,2,384,339,34,Guanajuato
2020-05-03,4,8,3,388,347,37,Guanajuato
2020-05-04,2,33,2,390,380,39,Guanajuato
2020-05-05,0,10,1,390,390,40,Guanajuato
2020-05-06,0,0,2,390,390,42,Guanajuato
2020-05-07,0,0,0,390,390,42,Guanajuato
2020-03-08,1,0,0,1,0,0,Guerrero
2020-03-09,2,0,0,3,0,0,Guerrero
2020-03-10,0,0,0,3,0,0,Guerrero
2020-03-11,1,0,0,4,0,0,Guerrero
2020-03-12,1,0,0,5,0,0,Guerrero
2020-03-13,1,2,0,6,2,0,Guerrero
2020-03-14,0,0,0,6,2,0,Guerrero
2020-03-15,3,0,0,9,2,0,Guerrero
2020-03-16,1,2,0,10,4,0,Guerrero
2020-03-17,2,5,0,12,9,0,Guerrero
2020-03-18,2,1,0,14,10,0,Guerrero
2020-03-19,2,0,0,16,10,0,Guerrero
2020-03-20,3,0,0,19,10,0,Guerrero
2020-03-21,3,1,0,22,11,0,Guerrero
2020-03-22,1,0,0,23,11,0,Guerrero
2020-03-23,3,1,0,26,12,0,Guerrero
2020-03-24,1,0,0,27,12,0,Guerrero
2020-03-25,1,3,0,28,15,0,Guerrero
2020-03-26,3,4,0,31,19,0,Guerrero
2020-03-27,1,3,0,32,22,0,Guerrero
2020-03-28,1,3,1,33,25,1,Guerrero
2020-03-29,2,1,0,35,26,1,Guerrero
2020-03-30,4,4,0,39,30,1,Guerrero
2020-03-31,5,4,0,44,34,1,Guerrero
2020-04-01,4,3,0,48,37,1,Guerrero
2020-04-02,5,1,0,53,38,1,Guerrero
2020-04-03,8,1,0,61,39,1,Guerrero
2020-04-04,10,2,2,71,41,3,Guerrero
2020-04-05,6,3,0,77,44,3,Guerrero
2020-04-06,8,8,2,85,52,5,Guerrero
2020-04-07,5,11,0,90,63,5,Guerrero
2020-04-08,12,6,0,102,69,5,Guerrero
2020-04-09,6,7,1,108,76,6,Guerrero
2020-04-10,11,4,0,119,80,6,Guerrero
2020-04-11,7,5,0,126,85,6,Guerrero
2020-04-12,8,12,1,134,97,7,Guerrero
2020-04-13,14,17,1,148,114,8,Guerrero
2020-04-14,3,7,1,151,121,9,Guerrero
2020-04-15,12,5,3,163,126,12,Guerrero
2020-04-16,7,10,0,170,136,12,Guerrero
2020-04-17,7,13,1,177,149,13,Guerrero
2020-04-18,13,7,2,190,156,15,Guerrero
2020-04-19,16,4,3,206,160,18,Guerrero
2020-04-20,22,15,3,228,175,21,Guerrero
2020-04-21,16,6,7,244,181,28,Guerrero
2020-04-22,15,14,3,259,195,31,Guerrero
2020-04-23,18,18,3,277,213,34,Guerrero
2020-04-24,29,23,1,306,236,35,Guerrero
2020-04-25,25,12,4,331,248,39,Guerrero
2020-04-26,15,14,1,346,262,40,Guerrero
2020-04-27,20,23,7,366,285,47,Guerrero
2020-04-28,14,22,2,380,307,49,Guerrero
2020-04-29,14,28,1,394,335,50,Guerrero
2020-04-30,15,13,2,409,348,52,Guerrero
2020-05-01,9,8,0,418,356,52,Guerrero
2020-05-02,4,35,4,422,391,56,Guerrero
2020-05-03,1,17,1,423,408,57,Guerrero
2020-05-04,0,14,2,423,422,59,Guerrero
2020-05-05,0,1,0,423,423,59,Guerrero
2020-05-06,0,0,0,423,423,59,Guerrero
2020-05-07,0,0,0,423,423,59,Guerrero
2020-03-07,1,0,0,1,0,0,Hidalgo
2020-03-08,1,0,0,2,0,0,Hidalgo
2020-03-09,0,0,0,2,0,0,Hidalgo
2020-03-10,0,0,0,2,0,0,Hidalgo
2020-03-11,0,0,0,2,0,0,Hidalgo
2020-03-12,1,0,0,3,0,0,Hidalgo
2020-03-13,2,0,0,5,0,0,Hidalgo
2020-03-14,1,0,0,6,0,0,Hidalgo
2020-03-15,0,1,0,6,1,0,Hidalgo
2020-03-16,1,0,0,7,1,0,Hidalgo
2020-03-17,0,2,0,7,3,0,Hidalgo
2020-03-18,2,0,0,9,3,0,Hidalgo
2020-03-19,1,0,0,10,3,0,Hidalgo
2020-03-20,3,3,0,13,6,0,Hidalgo
2020-03-21,1,3,0,14,9,0,Hidalgo
2020-03-22,0,0,0,14,9,0,Hidalgo
2020-03-23,5,1,0,19,10,0,Hidalgo
2020-03-24,3,0,0,22,10,0,Hidalgo
2020-03-25,3,4,0,25,14,0,Hidalgo
2020-03-26,2,4,0,27,18,0,Hidalgo
2020-03-27,4,3,1,31,21,1,Hidalgo
2020-03-28,1,0,1,32,21,2,Hidalgo
2020-03-29,4,2,0,36,23,2,Hidalgo
2020-03-30,6,6,1,42,29,3,Hidalgo
2020-03-31,4,6,0,46,35,3,Hidalgo
2020-04-01,1,4,0,47,39,3,Hidalgo
2020-04-02,0,1,0,47,40,3,Hidalgo
2020-04-03,4,2,2,51,42,5,Hidalgo
2020-04-04,1,3,0,52,45,5,Hidalgo
2020-04-05,4,2,0,56,47,5,Hidalgo
2020-04-06,6,1,0,62,48,5,Hidalgo
2020-04-07,1,2,0,63,50,5,Hidalgo
2020-04-08,4,2,2,67,52,7,Hidalgo
2020-04-09,2,0,0,69,52,7,Hidalgo
2020-04-10,7,8,0,76,60,7,Hidalgo
2020-04-11,7,3,1,83,63,8,Hidalgo
2020-04-12,7,5,0,90,68,8,Hidalgo
2020-04-13,10,4,0,100,72,8,Hidalgo
2020-04-14,3,3,2,103,75,10,Hidalgo
2020-04-15,7,3,3,110,78,13,Hidalgo
2020-04-16,13,4,0,123,82,13,Hidalgo
2020-04-17,9,10,0,132,92,13,Hidalgo
2020-04-18,19,6,2,151,98,15,Hidalgo
2020-04-19,16,11,1,167,109,16,Hidalgo
2020-04-20,27,11,0,194,120,16,Hidalgo
2020-04-21,20,10,0,214,130,16,Hidalgo
2020-04-22,15,17,2,229,147,18,Hidalgo
2020-04-23,22,20,1,251,167,19,Hidalgo
2020-04-24,22,15,1,273,182,20,Hidalgo
2020-04-25,18,17,6,291,199,26,Hidalgo
2020-04-26,26,18,6,317,217,32,Hidalgo
2020-04-27,24,25,2,341,242,34,Hidalgo
2020-04-28,21,20,4,362,262,38,Hidalgo
2020-04-29,21,23,2,383,285,40,Hidalgo
2020-04-30,18,29,4,401,314,44,Hidalgo
2020-05-01,8,25,7,409,339,51,Hidalgo
2020-05-02,9,16,1,418,355,52,Hidalgo
2020-05-03,3,25,5,421,380,57,Hidalgo
2020-05-04,3,17,4,424,397,61,Hidalgo
2020-05-05,1,21,2,425,418,63,Hidalgo
2020-05-06,0,7,3,425,425,66,Hidalgo
2020-05-07,0,0,0,425,425,66,Hidalgo
2020-01-15,1,0,0,1,0,0,Jalisco
2020-01-16,0,0,0,1,0,0,Jalisco
2020-01-17,0,0,0,1,0,0,Jalisco
2020-01-18,0,0,0,1,0,0,Jalisco
2020-01-19,0,0,0,1,0,0,Jalisco
2020-01-20,0,0,0,1,0,0,Jalisco
2020-01-21,0,0,0,1,0,0,Jalisco
2020-01-22,0,0,0,1,0,0,Jalisco
2020-01-23,0,0,0,1,0,0,Jalisco
2020-01-24,0,0,0,1,0,0,Jalisco
2020-01-25,0,0,0,1,0,0,Jalisco
2020-01-26,0,0,0,1,0,0,Jalisco
2020-01-27,0,0,0,1,0,0,Jalisco
2020-01-28,0,0,0,1,0,0,Jalisco
2020-01-29,0,0,0,1,0,0,Jalisco
2020-01-30,0,0,0,1,0,0,Jalisco
2020-01-31,0,0,0,1,0,0,Jalisco
2020-02-01,0,0,0,1,0,0,Jalisco
2020-02-02,0,0,0,1,0,0,Jalisco
2020-02-03,0,0,0,1,0,0,Jalisco
2020-02-04,0,0,0,1,0,0,Jalisco
2020-02-05,0,0,0,1,0,0,Jalisco
2020-02-06,0,0,0,1,0,0,Jalisco
2020-02-07,0,0,0,1,0,0,Jalisco
2020-02-08,0,0,0,1,0,0,Jalisco
2020-02-09,0,0,0,1,0,0,Jalisco
2020-02-10,0,0,0,1,0,0,Jalisco
2020-02-11,0,0,0,1,0,0,Jalisco
2020-02-12,0,0,0,1,0,0,Jalisco
2020-02-13,0,0,0,1,0,0,Jalisco
2020-02-14,0,0,0,1,0,0,Jalisco
2020-02-15,0,0,0,1,0,0,Jalisco
2020-02-16,0,0,0,1,0,0,Jalisco
2020-02-17,0,0,0,1,0,0,Jalisco
2020-02-18,0,0,0,1,0,0,Jalisco
2020-02-19,0,0,0,1,0,0,Jalisco
2020-02-20,0,0,0,1,0,0,Jalisco
2020-02-21,0,0,0,1,0,0,Jalisco
2020-02-22,0,0,0,1,0,0,Jalisco
2020-02-23,0,0,0,1,0,0,Jalisco
2020-02-24,0,0,0,1,0,0,Jalisco
2020-02-25,0,0,0,1,0,0,Jalisco
2020-02-26,0,0,0,1,0,0,Jalisco
2020-02-27,0,0,0,1,0,0,Jalisco
2020-02-28,0,0,0,1,0,0,Jalisco
2020-02-29,0,0,0,1,0,0,Jalisco
2020-03-01,2,0,0,3,0,0,Jalisco
2020-03-02,0,0,0,3,0,0,Jalisco
2020-03-03,0,0,0,3,0,0,Jalisco
2020-03-04,1,0,0,4,0,0,Jalisco
2020-03-05,0,0,0,4,0,0,Jalisco
2020-03-06,2,0,0,6,0,0,Jalisco
2020-03-07,1,0,0,7,0,0,Jalisco
2020-03-08,3,0,0,10,0,0,Jalisco
2020-03-09,3,0,0,13,0,0,Jalisco
2020-03-10,4,0,0,17,0,0,Jalisco
2020-03-11,5,1,0,22,1,0,Jalisco
2020-03-12,8,3,0,30,4,0,Jalisco
2020-03-13,7,2,0,37,6,0,Jalisco
2020-03-14,8,5,0,45,11,0,Jalisco
2020-03-15,3,1,0,48,12,0,Jalisco
2020-03-16,6,12,0,54,24,0,Jalisco
2020-03-17,12,6,0,66,30,0,Jalisco
2020-03-18,6,17,0,72,47,0,Jalisco
2020-03-19,0,8,0,72,55,0,Jalisco
2020-03-20,8,5,1,80,60,1,Jalisco
2020-03-21,10,1,0,90,61,1,Jalisco
2020-03-22,6,3,0,96,64,1,Jalisco
2020-03-23,6,9,0,102,73,1,Jalisco
2020-03-24,4,7,0,106,80,1,Jalisco
2020-03-25,4,7,0,110,87,1,Jalisco
2020-03-26,1,6,2,111,93,3,Jalisco
2020-03-27,8,7,0,119,100,3,Jalisco
2020-03-28,2,2,0,121,102,3,Jalisco
2020-03-29,4,2,0,125,104,3,Jalisco
2020-03-30,8,7,0,133,111,3,Jalisco
2020-03-31,5,7,1,138,118,4,Jalisco
2020-04-01,3,2,0,141,120,4,Jalisco
2020-04-02,8,8,2,149,128,6,Jalisco
2020-04-03,8,10,0,157,138,6,Jalisco
2020-04-04,4,1,0,161,139,6,Jalisco
2020-04-05,3,2,1,164,141,7,Jalisco
2020-04-06,6,3,0,170,144,7,Jalisco
2020-04-07,10,6,1,180,150,8,Jalisco
2020-04-08,9,10,1,189,160,9,Jalisco
2020-04-09,7,5,0,196,165,9,Jalisco
2020-04-10,8,8,1,204,173,10,Jalisco
2020-04-11,4,5,1,208,178,11,Jalisco
2020-04-12,7,5,0,215,183,11,Jalisco
2020-04-13,8,11,0,223,194,11,Jalisco
2020-04-14,13,4,0,236,198,11,Jalisco
2020-04-15,7,13,0,243,211,11,Jalisco
2020-04-16,14,8,1,257,219,12,Jalisco
2020-04-17,12,14,1,269,233,13,Jalisco
2020-04-18,8,7,0,277,240,13,Jalisco
2020-04-19,10,3,2,287,243,15,Jalisco
2020-04-20,20,9,1,307,252,16,Jalisco
2020-04-21,20,16,1,327,268,17,Jalisco
2020-04-22,17,25,3,344,293,20,Jalisco
2020-04-23,22,17,0,366,310,20,Jalisco
2020-04-24,20,33,3,386,343,23,Jalisco
2020-04-25,12,9,2,398,352,25,Jalisco
2020-04-26,16,7,0,414,359,25,Jalisco
2020-04-27,20,19,1,434,378,26,Jalisco
2020-04-28,16,14,1,450,392,27,Jalisco
2020-04-29,16,19,2,466,411,29,Jalisco
2020-04-30,19,22,2,485,433,31,Jalisco
2020-05-01,10,17,1,495,450,32,Jalisco
2020-05-02,9,20,3,504,470,35,Jalisco
2020-05-03,3,13,0,507,483,35,Jalisco
2020-05-04,2,21,2,509,504,37,Jalisco
2020-05-05,0,3,1,509,507,38,Jalisco
2020-05-06,1,3,3,510,510,41,Jalisco
2020-05-07,0,0,0,510,510,41,Jalisco
2020-02-19,1,0,0,1,0,0,México
2020-02-20,0,0,0,1,0,0,México
2020-02-21,1,0,0,2,0,0,México
2020-02-22,0,0,0,2,0,0,México
2020-02-23,0,0,0,2,0,0,México
2020-02-24,0,0,0,2,0,0,México
2020-02-25,0,0,0,2,0,0,México
2020-02-26,0,0,0,2,0,0,México
2020-02-27,0,0,0,2,0,0,México
2020-02-28,0,1,0,2,1,0,México
2020-02-29,0,0,0,2,1,0,México
2020-03-01,0,0,0,2,1,0,México
2020-03-02,3,1,0,5,2,0,México
2020-03-03,1,0,0,6,2,0,México
2020-03-04,0,1,0,6,3,0,México
2020-03-05,3,0,0,9,3,0,México
2020-03-06,1,0,0,10,3,0,México
2020-03-07,5,0,0,15,3,0,México
2020-03-08,1,1,0,16,4,0,México
2020-03-09,8,1,0,24,5,0,México
2020-03-10,2,2,0,26,7,0,México
2020-03-11,2,1,0,28,8,0,México
2020-03-12,3,1,0,31,9,0,México
2020-03-13,9,11,0,40,20,0,México
2020-03-14,5,2,0,45,22,0,México
2020-03-15,11,4,0,56,26,0,México
2020-03-16,15,6,0,71,32,0,México
2020-03-17,6,2,0,77,34,0,México
2020-03-18,10,2,0,87,36,0,México
2020-03-19,8,6,0,95,42,0,México
2020-03-20,17,10,0,112,52,0,México
2020-03-21,13,6,0,125,58,0,México
2020-03-22,19,3,0,144,61,0,México
2020-03-23,21,9,0,165,70,0,México
2020-03-24,26,26,0,191,96,0,México
2020-03-25,24,24,0,215,120,0,México
2020-03-26,30,28,0,245,148,0,México
2020-03-27,35,38,0,280,186,0,México
2020-03-28,22,15,2,302,201,2,México
2020-03-29,24,8,1,326,209,3,México
2020-03-30,48,44,0,374,253,3,México
2020-03-31,35,27,1,409,280,4,México
2020-04-01,52,37,0,461,317,4,México
2020-04-02,31,34,4,492,351,8,México
2020-04-03,42,37,3,534,388,11,México
2020-04-04,53,28,3,587,416,14,México
2020-04-05,40,27,4,627,443,18,México
2020-04-06,74,54,4,701,497,22,México
2020-04-07,52,50,8,753,547,30,México
2020-04-08,76,60,5,829,607,35,México
2020-04-09,66,37,2,895,644,37,México
2020-04-10,103,58,4,998,702,41,México
2020-04-11,86,46,7,1084,748,48,México
2020-04-12,96,54,10,1180,802,58,México
2020-04-13,128,109,7,1308,911,65,México
2020-04-14,107,92,9,1415,1003,74,México
2020-04-15,156,126,10,1571,1129,84,México
2020-04-16,149,118,3,1720,1247,87,México
2020-04-17,164,120,7,1884,1367,94,México
2020-04-18,156,107,13,2040,1474,107,México
2020-04-19,155,116,7,2195,1590,114,México
2020-04-20,199,177,14,2394,1767,128,México
2020-04-21,168,188,10,2562,1955,138,México
2020-04-22,159,183,11,2721,2138,149,México
2020-04-23,156,165,11,2877,2303,160,México
2020-04-24,138,201,16,3015,2504,176,México
2020-04-25,152,132,14,3167,2636,190,México
2020-04-26,144,127,14,3311,2763,204,México
2020-04-27,121,220,8,3432,2983,212,México
2020-04-28,90,211,11,3522,3194,223,México
2020-04-29,56,181,15,3578,3375,238,México
2020-04-30,28,122,6,3606,3497,244,México
2020-05-01,28,45,6,3634,3542,250,México
2020-05-02,19,44,9,3653,3586,259,México
2020-05-03,15,34,4,3668,3620,263,México
2020-05-04,12,46,8,3680,3666,271,México
2020-05-05,1,14,1,3681,3680,272,México
2020-05-06,0,1,2,3681,3681,274,México
2020-05-07,0,0,1,3681,3681,275,México
2020-03-09,1,0,0,1,0,0,Michoacán
2020-03-10,0,0,0,1,0,0,Michoacán
2020-03-11,0,0,0,1,0,0,Michoacán
2020-03-12,0,0,0,1,0,0,Michoacán
2020-03-13,0,0,0,1,0,0,Michoacán
2020-03-14,0,0,0,1,0,0,Michoacán
2020-03-15,8,0,0,9,0,0,Michoacán
2020-03-16,1,0,0,10,0,0,Michoacán
2020-03-17,2,0,0,12,0,0,Michoacán
2020-03-18,4,1,0,16,1,0,Michoacán
2020-03-19,0,1,0,16,2,0,Michoacán
2020-03-20,1,2,0,17,4,0,Michoacán
2020-03-21,0,5,0,17,9,0,Michoacán
2020-03-22,4,0,0,21,9,0,Michoacán
2020-03-23,4,3,0,25,12,0,Michoacán
2020-03-24,2,3,0,27,15,0,Michoacán
2020-03-25,4,2,0,31,17,0,Michoacán
2020-03-26,2,3,1,33,20,1,Michoacán
2020-03-27,3,1,0,36,21,1,Michoacán
2020-03-28,1,2,0,37,23,1,Michoacán
2020-03-29,1,3,0,38,26,1,Michoacán
2020-03-30,2,0,0,40,26,1,Michoacán
2020-03-31,1,4,0,41,30,1,Michoacán
2020-04-01,10,3,0,51,33,1,Michoacán
2020-04-02,3,0,0,54,33,1,Michoacán
2020-04-03,2,6,1,56,39,2,Michoacán
2020-04-04,3,2,2,59,41,4,Michoacán
2020-04-05,6,2,0,65,43,4,Michoacán
2020-04-06,5,6,1,70,49,5,Michoacán
2020-04-07,15,6,0,85,55,5,Michoacán
2020-04-08,8,4,1,93,59,6,Michoacán
2020-04-09,7,9,1,100,68,7,Michoacán
2020-04-10,14,2,1,114,70,8,Michoacán
2020-04-11,7,2,1,121,72,9,Michoacán
2020-04-12,12,4,0,133,76,9,Michoacán
2020-04-13,19,13,4,152,89,13,Michoacán
2020-04-14,9,15,1,161,104,14,Michoacán
2020-04-15,15,9,0,176,113,14,Michoacán
2020-04-16,17,8,2,193,121,16,Michoacán
2020-04-17,21,13,0,214,134,16,Michoacán
2020-04-18,17,8,1,231,142,17,Michoacán
2020-04-19,13,10,3,244,152,20,Michoacán
2020-04-20,38,27,4,282,179,24,Michoacán
2020-04-21,16,13,0,298,192,24,Michoacán
2020-04-22,22,13,1,320,205,25,Michoacán
2020-04-23,22,20,3,342,225,28,Michoacán
2020-04-24,25,24,2,367,249,30,Michoacán
2020-04-25,21,29,4,388,278,34,Michoacán
2020-04-26,27,20,4,415,298,38,Michoacán
2020-04-27,16,29,1,431,327,39,Michoacán
2020-04-28,12,29,4,443,356,43,Michoacán
2020-04-29,8,21,4,451,377,47,Michoacán
2020-04-30,11,24,6,462,401,53,Michoacán
2020-05-01,7,18,3,469,419,56,Michoacán
2020-05-02,8,14,0,477,433,56,Michoacán
2020-05-03,7,22,1,484,455,57,Michoacán
2020-05-04,3,31,1,487,486,58,Michoacán
2020-05-05,0,1,0,487,487,58,Michoacán
2020-05-06,0,0,0,487,487,58,Michoacán
2020-05-07,0,0,0,487,487,58,Michoacán
2020-03-09,1,1,0,1,1,0,Morelos
2020-03-10,0,0,0,1,1,0,Morelos
2020-03-11,0,0,0,1,1,0,Morelos
2020-03-12,0,0,0,1,1,0,Morelos
2020-03-13,0,0,0,1,1,0,Morelos
2020-03-14,1,0,0,2,1,0,Morelos
2020-03-15,0,0,0,2,1,0,Morelos
2020-03-16,1,0,0,3,1,0,Morelos
2020-03-17,1,1,0,4,2,0,Morelos
2020-03-18,0,1,0,4,3,0,Morelos
2020-03-19,1,0,0,5,3,0,Morelos
2020-03-20,1,0,0,6,3,0,Morelos
2020-03-21,2,1,0,8,4,0,Morelos
2020-03-22,2,0,0,10,4,0,Morelos
2020-03-23,3,2,0,13,6,0,Morelos
2020-03-24,0,3,0,13,9,0,Morelos
2020-03-25,0,0,0,13,9,0,Morelos
2020-03-26,2,0,0,15,9,0,Morelos
2020-03-27,1,0,0,16,9,0,Morelos
2020-03-28,2,1,1,18,10,1,Morelos
2020-03-29,1,0,1,19,10,2,Morelos
2020-03-30,4,1,0,23,11,2,Morelos
2020-03-31,3,1,1,26,12,3,Morelos
2020-04-01,8,3,1,34,15,4,Morelos
2020-04-02,4,7,0,38,22,4,Morelos
2020-04-03,4,1,0,42,23,4,Morelos
2020-04-04,5,2,0,47,25,4,Morelos
2020-04-05,7,3,0,54,28,4,Morelos
2020-04-06,2,7,1,56,35,5,Morelos
2020-04-07,2,7,1,58,42,6,Morelos
2020-04-08,7,6,1,65,48,7,Morelos
2020-04-09,2,6,0,67,54,7,Morelos
2020-04-10,14,2,0,81,56,7,Morelos
2020-04-11,6,2,0,87,58,7,Morelos
2020-04-12,8,4,0,95,62,7,Morelos
2020-04-13,15,8,3,110,70,10,Morelos
2020-04-14,8,9,1,118,79,11,Morelos
2020-04-15,12,8,2,130,87,13,Morelos
2020-04-16,13,8,0,143,95,13,Morelos
2020-04-17,18,11,2,161,106,15,Morelos
2020-04-18,36,8,0,197,114,15,Morelos
2020-04-19,22,9,3,219,123,18,Morelos
2020-04-20,38,28,3,257,151,21,Morelos
2020-04-21,19,22,1,276,173,22,Morelos
2020-04-22,39,32,5,315,205,27,Morelos
2020-04-23,31,27,5,346,232,32,Morelos
2020-04-24,60,34,2,406,266,34,Morelos
2020-04-25,46,16,3,452,282,37,Morelos
2020-04-26,31,32,6,483,314,43,Morelos
2020-04-27,35,50,3,518,364,46,Morelos
2020-04-28,36,32,8,554,396,54,Morelos
2020-04-29,39,56,6,593,452,60,Morelos
2020-04-30,21,45,5,614,497,65,Morelos
2020-05-01,18,32,6,632,529,71,Morelos
2020-05-02,1,25,4,633,554,75,Morelos
2020-05-03,6,40,4,639,594,79,Morelos
2020-05-04,3,30,2,642,624,81,Morelos
2020-05-05,0,18,3,642,642,84,Morelos
2020-05-06,0,0,0,642,642,84,Morelos
2020-05-07,0,0,0,642,642,84,Morelos
2020-03-10,1,0,0,1,0,0,Nayarit
2020-03-11,0,0,0,1,0,0,Nayarit
2020-03-12,0,0,0,1,0,0,Nayarit
2020-03-13,0,0,0,1,0,0,Nayarit
2020-03-14,0,0,0,1,0,0,Nayarit
2020-03-15,0,0,0,1,0,0,Nayarit
2020-03-16,0,0,0,1,0,0,Nayarit
2020-03-17,1,0,0,2,0,0,Nayarit
2020-03-18,0,1,0,2,1,0,Nayarit
2020-03-19,1,1,0,3,2,0,Nayarit
2020-03-20,0,0,0,3,2,0,Nayarit
2020-03-21,1,0,0,4,2,0,Nayarit
2020-03-22,0,0,0,4,2,0,Nayarit
2020-03-23,0,1,0,4,3,0,Nayarit
2020-03-24,2,3,0,6,6,0,Nayarit
2020-03-25,0,0,0,6,6,0,Nayarit
2020-03-26,0,0,0,6,6,0,Nayarit
2020-03-27,2,0,0,8,6,0,Nayarit
2020-03-28,0,0,0,8,6,0,Nayarit
2020-03-29,0,0,0,8,6,0,Nayarit
2020-03-30,0,0,1,8,6,1,Nayarit
2020-03-31,3,2,0,11,8,1,Nayarit
2020-04-01,2,0,0,13,8,1,Nayarit
2020-04-02,3,0,0,16,8,1,Nayarit
2020-04-03,2,1,0,18,9,1,Nayarit
2020-04-04,2,4,0,20,13,1,Nayarit
2020-04-05,4,2,0,24,15,1,Nayarit
2020-04-06,1,2,0,25,17,1,Nayarit
2020-04-07,1,2,0,26,19,1,Nayarit
2020-04-08,2,1,3,28,20,4,Nayarit
2020-04-09,1,2,1,29,22,5,Nayarit
2020-04-10,3,0,0,32,22,5,Nayarit
2020-04-11,1,2,0,33,24,5,Nayarit
2020-04-12,1,4,1,34,28,6,Nayarit
2020-04-13,3,2,0,37,30,6,Nayarit
2020-04-14,4,2,0,41,32,6,Nayarit
2020-04-15,2,2,0,43,34,6,Nayarit
2020-04-16,2,3,0,45,37,6,Nayarit
2020-04-17,8,3,1,53,40,7,Nayarit
2020-04-18,3,2,0,56,42,7,Nayarit
2020-04-19,2,2,0,58,44,7,Nayarit
2020-04-20,2,1,2,60,45,9,Nayarit
2020-04-21,2,4,0,62,49,9,Nayarit
2020-04-22,4,3,0,66,52,9,Nayarit
2020-04-23,6,5,0,72,57,9,Nayarit
2020-04-24,12,3,0,84,60,9,Nayarit
2020-04-25,8,3,0,92,63,9,Nayarit
2020-04-26,9,5,2,101,68,11,Nayarit
2020-04-27,7,10,1,108,78,12,Nayarit
2020-04-28,7,15,0,115,93,12,Nayarit
2020-04-29,15,5,0,130,98,12,Nayarit
2020-04-30,16,11,0,146,109,12,Nayarit
2020-05-01,11,6,0,157,115,12,Nayarit
2020-05-02,9,14,1,166,129,13,Nayarit
2020-05-03,2,14,2,168,143,15,Nayarit
2020-05-04,1,14,3,169,157,18,Nayarit
2020-05-05,1,11,2,170,168,20,Nayarit
2020-05-06,0,2,0,170,170,20,Nayarit
2020-05-07,0,0,0,170,170,20,Nayarit
2020-03-02,1,0,0,1,0,0,Nuevo León
2020-03-03,0,0,0,1,0,0,Nuevo León
2020-03-04,1,0,0,2,0,0,Nuevo León
2020-03-05,1,0,0,3,0,0,Nuevo León
2020-03-06,1,0,0,4,0,0,Nuevo León
2020-03-07,2,0,0,6,0,0,Nuevo León
2020-03-08,0,0,0,6,0,0,Nuevo León
2020-03-09,9,0,0,15,0,0,Nuevo León
2020-03-10,2,2,0,17,2,0,Nuevo León
2020-03-11,5,4,0,22,6,0,Nuevo León
2020-03-12,2,0,0,24,6,0,Nuevo León
2020-03-13,6,5,0,30,11,0,Nuevo León
2020-03-14,8,6,0,38,17,0,Nuevo León
2020-03-15,7,0,0,45,17,0,Nuevo León
2020-03-16,3,6,0,48,23,0,Nuevo León
2020-03-17,8,6,0,56,29,0,Nuevo León
2020-03-18,6,9,0,62,38,0,Nuevo León
2020-03-19,5,4,0,67,42,0,Nuevo León
2020-03-20,5,12,0,72,54,0,Nuevo León
2020-03-21,3,4,0,75,58,0,Nuevo León
2020-03-22,4,4,0,79,62,0,Nuevo León
2020-03-23,3,5,0,82,67,0,Nuevo León
2020-03-24,1,5,0,83,72,0,Nuevo León
2020-03-25,3,0,0,86,72,0,Nuevo León
2020-03-26,3,2,0,89,74,0,Nuevo León
2020-03-27,2,8,0,91,82,0,Nuevo León
2020-03-28,1,2,0,92,84,0,Nuevo León
2020-03-29,2,3,0,94,87,0,Nuevo León
2020-03-30,5,5,0,99,92,0,Nuevo León
2020-03-31,7,0,0,106,92,0,Nuevo León
2020-04-01,6,1,0,112,93,0,Nuevo León
2020-04-02,11,5,0,123,98,0,Nuevo León
2020-04-03,7,1,3,130,99,3,Nuevo León
2020-04-04,2,3,0,132,102,3,Nuevo León
2020-04-05,8,2,1,140,104,4,Nuevo León
2020-04-06,9,12,0,149,116,4,Nuevo León
2020-04-07,13,6,2,162,122,6,Nuevo León
2020-04-08,12,7,0,174,129,6,Nuevo León
2020-04-09,14,2,0,188,131,6,Nuevo León
2020-04-10,25,21,0,213,152,6,Nuevo León
2020-04-11,17,8,0,230,160,6,Nuevo León
2020-04-12,11,15,0,241,175,6,Nuevo León
2020-04-13,12,20,0,253,195,6,Nuevo León
2020-04-14,9,19,0,262,214,6,Nuevo León
2020-04-15,7,14,0,269,228,6,Nuevo León
2020-04-16,8,15,1,277,243,7,Nuevo León
2020-04-17,8,10,0,285,253,7,Nuevo León
2020-04-18,8,6,0,293,259,7,Nuevo León
2020-04-19,11,3,1,304,262,8,Nuevo León
2020-04-20,12,12,1,316,274,9,Nuevo León
2020-04-21,6,18,0,322,292,9,Nuevo León
2020-04-22,14,13,2,336,305,11,Nuevo León
2020-04-23,12,7,1,348,312,12,Nuevo León
2020-04-24,12,7,1,360,319,13,Nuevo León
2020-04-25,20,5,1,380,324,14,Nuevo León
2020-04-26,20,7,1,400,331,15,Nuevo León
2020-04-27,31,20,3,431,351,18,Nuevo León
2020-04-28,13,24,1,444,375,19,Nuevo León
2020-04-29,16,26,2,460,401,21,Nuevo León
2020-04-30,13,26,1,473,427,22,Nuevo León
2020-05-01,27,26,1,500,453,23,Nuevo León
2020-05-02,14,21,3,514,474,26,Nuevo León
2020-05-03,7,11,1,521,485,27,Nuevo León
2020-05-04,7,34,2,528,519,29,Nuevo León
2020-05-05,46,52,3,574,571,32,Nuevo León
2020-05-06,0,3,0,574,574,32,Nuevo León
2020-05-07,0,0,0,574,574,32,Nuevo León
2020-03-09,1,0,0,1,0,0,Oaxaca
2020-03-10,1,0,0,2,0,0,Oaxaca
2020-03-11,0,0,0,2,0,0,Oaxaca
2020-03-12,1,0,0,3,0,0,Oaxaca
2020-03-13,0,2,0,3,2,0,Oaxaca
2020-03-14,0,0,0,3,2,0,Oaxaca
2020-03-15,0,0,0,3,2,0,Oaxaca
2020-03-16,1,0,0,4,2,0,Oaxaca
2020-03-17,0,0,0,4,2,0,Oaxaca
2020-03-18,0,0,0,4,2,0,Oaxaca
2020-03-19,2,1,0,6,3,0,Oaxaca
2020-03-20,4,0,0,10,3,0,Oaxaca
2020-03-21,1,1,0,11,4,0,Oaxaca
2020-03-22,1,1,0,12,5,0,Oaxaca
2020-03-23,4,2,0,16,7,0,Oaxaca
2020-03-24,1,1,0,17,8,0,Oaxaca
2020-03-25,1,3,0,18,11,0,Oaxaca
2020-03-26,3,3,0,21,14,0,Oaxaca
2020-03-27,3,2,0,24,16,0,Oaxaca
2020-03-28,4,1,0,28,17,0,Oaxaca
2020-03-29,3,2,1,31,19,1,Oaxaca
2020-03-30,4,2,0,35,21,1,Oaxaca
2020-03-31,1,6,0,36,27,1,Oaxaca
2020-04-01,0,1,0,36,28,1,Oaxaca
2020-04-02,0,0,0,36,28,1,Oaxaca
2020-04-03,5,3,0,41,31,1,Oaxaca
2020-04-04,2,2,0,43,33,1,Oaxaca
2020-04-05,3,2,0,46,35,1,Oaxaca
2020-04-06,5,6,0,51,41,1,Oaxaca
2020-04-07,1,0,0,52,41,1,Oaxaca
2020-04-08,1,4,0,53,45,1,Oaxaca
2020-04-09,5,0,1,58,45,2,Oaxaca
2020-04-10,7,2,0,65,47,2,Oaxaca
2020-04-11,0,2,2,65,49,4,Oaxaca
2020-04-12,4,2,0,69,51,4,Oaxaca
2020-04-13,1,4,0,70,55,4,Oaxaca
2020-04-14,11,4,1,81,59,5,Oaxaca
2020-04-15,10,6,0,91,65,5,Oaxaca
2020-04-16,4,4,0,95,69,5,Oaxaca
2020-04-17,4,8,1,99,77,6,Oaxaca
2020-04-18,6,5,0,105,82,6,Oaxaca
2020-04-19,6,3,1,111,85,7,Oaxaca
2020-04-20,9,6,1,120,91,8,Oaxaca
2020-04-21,6,2,1,126,93,9,Oaxaca
2020-04-22,6,9,1,132,102,10,Oaxaca
2020-04-23,8,8,4,140,110,14,Oaxaca
2020-04-24,8,12,1,148,122,15,Oaxaca
2020-04-25,4,6,0,152,128,15,Oaxaca
2020-04-26,6,8,1,158,136,16,Oaxaca
2020-04-27,2,7,2,160,143,18,Oaxaca
2020-04-28,10,12,0,170,155,18,Oaxaca
2020-04-29,9,10,1,179,165,19,Oaxaca
2020-04-30,15,5,3,194,170,22,Oaxaca
2020-05-01,5,7,1,199,177,23,Oaxaca
2020-05-02,5,3,1,204,180,24,Oaxaca
2020-05-03,3,9,1,207,189,25,Oaxaca
2020-05-04,0,12,4,207,201,29,Oaxaca
2020-05-05,0,6,2,207,207,31,Oaxaca
2020-05-06,0,0,1,207,207,32,Oaxaca
2020-05-07,0,0,0,207,207,32,Oaxaca
2020-03-05,2,0,0,2,0,0,Puebla
2020-03-06,0,0,0,2,0,0,Puebla
2020-03-07,0,0,0,2,0,0,Puebla
2020-03-08,2,0,0,4,0,0,Puebla
2020-03-09,4,0,0,8,0,0,Puebla
2020-03-10,3,0,0,11,0,0,Puebla
2020-03-11,2,1,0,13,1,0,Puebla
2020-03-12,1,1,0,14,2,0,Puebla
2020-03-13,4,4,0,18,6,0,Puebla
2020-03-14,4,2,0,22,8,0,Puebla
2020-03-15,3,3,0,25,11,0,Puebla
2020-03-16,11,2,0,36,13,0,Puebla
2020-03-17,5,4,0,41,17,0,Puebla
2020-03-18,6,3,0,47,20,0,Puebla
2020-03-19,2,5,0,49,25,0,Puebla
2020-03-20,10,5,0,59,30,0,Puebla
2020-03-21,8,3,0,67,33,0,Puebla
2020-03-22,9,2,0,76,35,0,Puebla
2020-03-23,14,8,0,90,43,0,Puebla
2020-03-24,7,15,0,97,58,0,Puebla
2020-03-25,4,6,0,101,64,0,Puebla
2020-03-26,6,14,0,107,78,0,Puebla
2020-03-27,14,9,1,121,87,1,Puebla
2020-03-28,26,13,1,147,100,2,Puebla
2020-03-29,25,4,0,172,104,2,Puebla
2020-03-30,19,14,0,191,118,2,Puebla
2020-03-31,9,22,1,200,140,3,Puebla
2020-04-01,16,13,1,216,153,4,Puebla
2020-04-02,22,17,1,238,170,5,Puebla
2020-04-03,16,14,1,254,184,6,Puebla
2020-04-04,12,10,2,266,194,8,Puebla
2020-04-05,11,6,3,277,200,11,Puebla
2020-04-06,18,22,4,295,222,15,Puebla
2020-04-07,5,11,7,300,233,22,Puebla
2020-04-08,7,20,1,307,253,23,Puebla
2020-04-09,11,11,1,318,264,24,Puebla
2020-04-10,19,9,4,337,273,28,Puebla
2020-04-11,20,11,4,357,284,32,Puebla
2020-04-12,18,4,2,375,288,34,Puebla
2020-04-13,33,21,3,408,309,37,Puebla
2020-04-14,19,12,4,427,321,41,Puebla
2020-04-15,24,23,1,451,344,42,Puebla
2020-04-16,22,20,5,473,364,47,Puebla
2020-04-17,32,28,3,505,392,50,Puebla
2020-04-18,37,26,6,542,418,56,Puebla
2020-04-19,30,17,5,572,435,61,Puebla
2020-04-20,39,25,7,611,460,68,Puebla
2020-04-21,43,22,3,654,482,71,Puebla
2020-04-22,20,29,4,674,511,75,Puebla
2020-04-23,32,29,2,706,540,77,Puebla
2020-04-24,48,38,3,754,578,80,Puebla
2020-04-25,28,38,3,782,616,83,Puebla
2020-04-26,38,23,6,820,639,89,Puebla
2020-04-27,41,31,4,861,670,93,Puebla
2020-04-28,17,42,7,878,712,100,Puebla
2020-04-29,30,47,5,908,759,105,Puebla
2020-04-30,20,50,4,928,809,109,Puebla
2020-05-01,16,27,2,944,836,111,Puebla
2020-05-02,13,34,2,957,870,113,Puebla
2020-05-03,13,25,6,970,895,119,Puebla
2020-05-04,7,38,3,977,933,122,Puebla
2020-05-05,0,29,1,977,962,123,Puebla
2020-05-06,0,15,1,977,977,124,Puebla
2020-05-07,0,0,0,977,977,124,Puebla
2020-03-05,1,0,0,1,0,0,Querétaro
2020-03-06,0,0,0,1,0,0,Querétaro
2020-03-07,0,0,0,1,0,0,Querétaro
2020-03-08,1,0,0,2,0,0,Querétaro
2020-03-09,1,0,0,3,0,0,Querétaro
2020-03-10,4,2,0,7,2,0,Querétaro
2020-03-11,1,1,0,8,3,0,Querétaro
2020-03-12,0,1,0,8,4,0,Querétaro
2020-03-13,1,2,0,9,6,0,Querétaro
2020-03-14,1,1,0,10,7,0,Querétaro
2020-03-15,1,0,0,11,7,0,Querétaro
2020-03-16,4,0,0,15,7,0,Querétaro
2020-03-17,3,2,0,18,9,0,Querétaro
2020-03-18,2,2,0,20,11,0,Querétaro
2020-03-19,0,3,0,20,14,0,Querétaro
2020-03-20,3,1,0,23,15,0,Querétaro
2020-03-21,2,1,0,25,16,0,Querétaro
2020-03-22,2,0,0,27,16,0,Querétaro
2020-03-23,3,3,0,30,19,0,Querétaro
2020-03-24,0,4,0,30,23,0,Querétaro
2020-03-25,3,2,0,33,25,0,Querétaro
2020-03-26,4,1,0,37,26,0,Querétaro
2020-03-27,2,3,0,39,29,0,Querétaro
2020-03-28,1,0,1,40,29,1,Querétaro
2020-03-29,1,1,0,41,30,1,Querétaro
2020-03-30,1,2,0,42,32,1,Querétaro
2020-03-31,1,4,0,43,36,1,Querétaro
2020-04-01,4,4,0,47,40,1,Querétaro
2020-04-02,2,1,1,49,41,2,Querétaro
2020-04-03,4,4,0,53,45,2,Querétaro
2020-04-04,3,1,0,56,46,2,Querétaro
2020-04-05,2,0,0,58,46,2,Querétaro
2020-04-06,3,4,0,61,50,2,Querétaro
2020-04-07,3,4,0,64,54,2,Querétaro
2020-04-08,1,3,0,65,57,2,Querétaro
2020-04-09,3,3,0,68,60,2,Querétaro
2020-04-10,4,2,1,72,62,3,Querétaro
2020-04-11,6,3,1,78,65,4,Querétaro
2020-04-12,6,1,0,84,66,4,Querétaro
2020-04-13,2,7,0,86,73,4,Querétaro
2020-04-14,5,7,1,91,80,5,Querétaro
2020-04-15,5,3,1,96,83,6,Querétaro
2020-04-16,2,5,0,98,88,6,Querétaro
2020-04-17,6,5,0,104,93,6,Querétaro
2020-04-18,7,1,0,111,94,6,Querétaro
2020-04-19,4,1,0,115,95,6,Querétaro
2020-04-20,5,6,0,120,101,6,Querétaro
2020-04-21,5,2,1,125,103,7,Querétaro
2020-04-22,8,7,0,133,110,7,Querétaro
2020-04-23,3,10,0,136,120,7,Querétaro
2020-04-24,4,9,0,140,129,7,Querétaro
2020-04-25,7,0,1,147,129,8,Querétaro
2020-04-26,11,3,3,158,132,11,Querétaro
2020-04-27,7,3,1,165,135,12,Querétaro
2020-04-28,5,12,0,170,147,12,Querétaro
2020-04-29,7,11,1,177,158,13,Querétaro
2020-04-30,6,6,1,183,164,14,Querétaro
2020-05-01,9,7,1,192,171,15,Querétaro
2020-05-02,3,13,1,195,184,16,Querétaro
2020-05-03,6,1,1,201,185,17,Querétaro
2020-05-04,3,8,2,204,193,19,Querétaro
2020-05-05,1,11,1,205,204,20,Querétaro
2020-05-06,0,1,0,205,205,20,Querétaro
2020-05-07,0,0,0,205,205,20,Querétaro
2020-03-01,1,0,0,1,0,0,Quintana Roo
2020-03-02,0,0,0,1,0,0,Quintana Roo
2020-03-03,0,0,0,1,0,0,Quintana Roo
2020-03-04,0,0,0,1,0,0,Quintana Roo
2020-03-05,0,0,0,1,0,0,Quintana Roo
2020-03-06,0,0,0,1,0,0,Quintana Roo
2020-03-07,0,0,0,1,0,0,Quintana Roo
2020-03-08,1,0,0,2,0,0,Quintana Roo
2020-03-09,1,0,0,3,0,0,Quintana Roo
2020-03-10,0,0,0,3,0,0,Quintana Roo
2020-03-11,3,0,0,6,0,0,Quintana Roo
2020-03-12,1,1,0,7,1,0,Quintana Roo
2020-03-13,3,0,0,10,1,0,Quintana Roo
2020-03-14,4,4,0,14,5,0,Quintana Roo
2020-03-15,6,0,0,20,5,0,Quintana Roo
2020-03-16,2,3,0,22,8,0,Quintana Roo
2020-03-17,4,4,0,26,12,0,Quintana Roo
2020-03-18,7,1,0,33,13,0,Quintana Roo
2020-03-19,4,5,0,37,18,0,Quintana Roo
2020-03-20,8,2,0,45,20,0,Quintana Roo
2020-03-21,10,3,0,55,23,0,Quintana Roo
2020-03-22,6,4,0,61,27,0,Quintana Roo
2020-03-23,10,5,0,71,32,0,Quintana Roo
2020-03-24,6,9,0,77,41,0,Quintana Roo
2020-03-25,12,11,0,89,52,0,Quintana Roo
2020-03-26,6,9,1,95,61,1,Quintana Roo
2020-03-27,21,7,1,116,68,2,Quintana Roo
2020-03-28,16,7,1,132,75,3,Quintana Roo
2020-03-29,18,3,0,150,78,3,Quintana Roo
2020-03-30,16,21,0,166,99,3,Quintana Roo
2020-03-31,13,14,2,179,113,5,Quintana Roo
2020-04-01,19,22,1,198,135,6,Quintana Roo
2020-04-02,15,11,2,213,146,8,Quintana Roo
2020-04-03,19,13,2,232,159,10,Quintana Roo
2020-04-04,14,8,1,246,167,11,Quintana Roo
2020-04-05,26,10,1,272,177,12,Quintana Roo
2020-04-06,29,32,2,301,209,14,Quintana Roo
2020-04-07,14,20,2,315,229,16,Quintana Roo
2020-04-08,20,26,3,335,255,19,Quintana Roo
2020-04-09,26,8,3,361,263,22,Quintana Roo
2020-04-10,32,23,2,393,286,24,Quintana Roo
2020-04-11,31,17,2,424,303,26,Quintana Roo
2020-04-12,28,21,4,452,324,30,Quintana Roo
2020-04-13,28,22,5,480,346,35,Quintana Roo
2020-04-14,27,17,3,507,363,38,Quintana Roo
2020-04-15,28,20,0,535,383,38,Quintana Roo
2020-04-16,40,31,1,575,414,39,Quintana Roo
2020-04-17,35,33,4,610,447,43,Quintana Roo
2020-04-18,43,38,5,653,485,48,Quintana Roo
2020-04-19,24,24,7,677,509,55,Quintana Roo
2020-04-20,50,44,10,727,553,65,Quintana Roo
2020-04-21,28,40,8,755,593,73,Quintana Roo
2020-04-22,27,33,5,782,626,78,Quintana Roo
2020-04-23,25,45,6,807,671,84,Quintana Roo
2020-04-24,21,24,13,828,695,97,Quintana Roo
2020-04-25,36,30,9,864,725,106,Quintana Roo
2020-04-26,29,32,7,893,757,113,Quintana Roo
2020-04-27,24,42,10,917,799,123,Quintana Roo
2020-04-28,25,41,9,942,840,132,Quintana Roo
2020-04-29,17,33,7,959,873,139,Quintana Roo
2020-04-30,8,24,8,967,897,147,Quintana Roo
2020-05-01,10,25,7,977,922,154,Quintana Roo
2020-05-02,9,22,4,986,944,158,Quintana Roo
2020-05-03,2,21,5,988,965,163,Quintana Roo
2020-05-04,1,15,1,989,980,164,Quintana Roo
2020-05-05,0,9,4,989,989,168,Quintana Roo
2020-05-06,0,0,0,989,989,168,Quintana Roo
2020-05-07,0,0,0,989,989,168,Quintana Roo
2020-03-07,1,0,0,1,0,0,San Luis Potosí
2020-03-08,0,0,0,1,0,0,San Luis Potosí
2020-03-09,1,0,0,2,0,0,San Luis Potosí
2020-03-10,0,0,0,2,0,0,San Luis Potosí
2020-03-11,1,0,0,3,0,0,San Luis Potosí
2020-03-12,1,0,0,4,0,0,San Luis Potosí
2020-03-13,0,2,0,4,2,0,San Luis Potosí
2020-03-14,1,0,0,5,2,0,San Luis Potosí
2020-03-15,4,0,0,9,2,0,San Luis Potosí
2020-03-16,2,1,0,11,3,0,San Luis Potosí
2020-03-17,1,5,0,12,8,0,San Luis Potosí
2020-03-18,4,1,0,16,9,0,San Luis Potosí
2020-03-19,2,3,0,18,12,0,San Luis Potosí
2020-03-20,1,3,0,19,15,0,San Luis Potosí
2020-03-21,2,4,0,21,19,0,San Luis Potosí
2020-03-22,3,1,0,24,20,0,San Luis Potosí
2020-03-23,0,2,0,24,22,0,San Luis Potosí
2020-03-24,5,0,1,29,22,1,San Luis Potosí
2020-03-25,3,0,1,32,22,2,San Luis Potosí
2020-03-26,1,1,0,33,23,2,San Luis Potosí
2020-03-27,3,6,0,36,29,2,San Luis Potosí
2020-03-28,1,0,0,37,29,2,San Luis Potosí
2020-03-29,2,6,0,39,35,2,San Luis Potosí
2020-03-30,1,3,1,40,38,3,San Luis Potosí
2020-03-31,4,2,0,44,40,3,San Luis Potosí
2020-04-01,2,0,0,46,40,3,San Luis Potosí
2020-04-02,4,0,0,50,40,3,San Luis Potosí
2020-04-03,4,0,0,54,40,3,San Luis Potosí
2020-04-04,3,3,0,57,43,3,San Luis Potosí
2020-04-05,0,1,0,57,44,3,San Luis Potosí
2020-04-06,1,3,1,58,47,4,San Luis Potosí
2020-04-07,0,4,0,58,51,4,San Luis Potosí
2020-04-08,1,1,0,59,52,4,San Luis Potosí
2020-04-09,1,4,0,60,56,4,San Luis Potosí
2020-04-10,2,1,0,62,57,4,San Luis Potosí
2020-04-11,0,2,0,62,59,4,San Luis Potosí
2020-04-12,1,0,0,63,59,4,San Luis Potosí
2020-04-13,3,1,0,66,60,4,San Luis Potosí
2020-04-14,5,1,0,71,61,4,San Luis Potosí
2020-04-15,1,2,0,72,63,4,San Luis Potosí
2020-04-16,1,2,0,73,65,4,San Luis Potosí
2020-04-17,1,7,1,74,72,5,San Luis Potosí
2020-04-18,1,1,1,75,73,6,San Luis Potosí
2020-04-19,0,0,0,75,73,6,San Luis Potosí
2020-04-20,7,0,0,82,73,6,San Luis Potosí
2020-04-21,7,1,0,89,74,6,San Luis Potosí
2020-04-22,2,0,0,91,74,6,San Luis Potosí
2020-04-23,2,4,1,93,78,7,San Luis Potosí
2020-04-24,6,4,0,99,82,7,San Luis Potosí
2020-04-25,14,7,0,113,89,7,San Luis Potosí
2020-04-26,10,2,0,123,91,7,San Luis Potosí
2020-04-27,20,13,0,143,104,7,San Luis Potosí
2020-04-28,15,17,0,158,121,7,San Luis Potosí
2020-04-29,8,8,1,166,129,8,San Luis Potosí
2020-04-30,10,9,0,176,138,8,San Luis Potosí
2020-05-01,11,14,0,187,152,8,San Luis Potosí
2020-05-02,7,9,0,194,161,8,San Luis Potosí
2020-05-03,7,10,0,201,171,8,San Luis Potosí
2020-05-04,2,24,2,203,195,10,San Luis Potosí
2020-05-05,0,8,0,203,203,10,San Luis Potosí
2020-05-06,0,0,0,203,203,10,San Luis Potosí
2020-05-07,0,0,0,203,203,10,San Luis Potosí
2020-02-22,1,0,0,1,0,0,Sinaloa
2020-02-23,0,0,0,1,0,0,Sinaloa
2020-02-24,0,0,0,1,0,0,Sinaloa
2020-02-25,0,0,0,1,0,0,Sinaloa
2020-02-26,0,0,0,1,0,0,Sinaloa
2020-02-27,0,1,0,1,1,0,Sinaloa
2020-02-28,0,0,0,1,1,0,Sinaloa
2020-02-29,0,0,0,1,1,0,Sinaloa
2020-03-01,1,0,0,2,1,0,Sinaloa
2020-03-02,0,0,0,2,1,0,Sinaloa
2020-03-03,0,0,0,2,1,0,Sinaloa
2020-03-04,0,0,0,2,1,0,Sinaloa
2020-03-05,0,0,0,2,1,0,Sinaloa
2020-03-06,0,0,0,2,1,0,Sinaloa
2020-03-07,0,0,0,2,1,0,Sinaloa
2020-03-08,0,0,0,2,1,0,Sinaloa
2020-03-09,1,0,0,3,1,0,Sinaloa
2020-03-10,0,0,0,3,1,0,Sinaloa
2020-03-11,0,0,0,3,1,0,Sinaloa
2020-03-12,1,0,0,4,1,0,Sinaloa
2020-03-13,0,1,0,4,2,0,Sinaloa
2020-03-14,2,0,0,6,2,0,Sinaloa
2020-03-15,1,0,0,7,2,0,Sinaloa
2020-03-16,3,1,0,10,3,0,Sinaloa
2020-03-17,2,1,0,12,4,0,Sinaloa
2020-03-18,1,0,0,13,4,0,Sinaloa
2020-03-19,4,1,0,17,5,0,Sinaloa
2020-03-20,6,1,0,23,6,0,Sinaloa
2020-03-21,6,0,0,29,6,0,Sinaloa
2020-03-22,6,1,0,35,7,0,Sinaloa
2020-03-23,16,2,0,51,9,0,Sinaloa
2020-03-24,13,6,0,64,15,0,Sinaloa
2020-03-25,9,8,0,73,23,0,Sinaloa
2020-03-26,11,9,1,84,32,1,Sinaloa
2020-03-27,13,9,0,97,41,1,Sinaloa
2020-03-28,10,5,1,107,46,2,Sinaloa
2020-03-29,15,6,1,122,52,3,Sinaloa
2020-03-30,16,11,0,138,63,3,Sinaloa
2020-03-31,24,15,1,162,78,4,Sinaloa
2020-04-01,18,14,2,180,92,6,Sinaloa
2020-04-02,20,28,3,200,120,9,Sinaloa
2020-04-03,27,10,2,227,130,11,Sinaloa
2020-04-04,26,11,5,253,141,16,Sinaloa
2020-04-05,22,15,0,275,156,16,Sinaloa
2020-04-06,30,28,1,305,184,17,Sinaloa
2020-04-07,29,20,3,334,204,20,Sinaloa
2020-04-08,40,30,6,374,234,26,Sinaloa
2020-04-09,36,12,6,410,246,32,Sinaloa
2020-04-10,47,33,10,457,279,42,Sinaloa
2020-04-11,38,24,8,495,303,50,Sinaloa
2020-04-12,43,22,7,538,325,57,Sinaloa
2020-04-13,45,46,8,583,371,65,Sinaloa
2020-04-14,34,48,5,617,419,70,Sinaloa
2020-04-15,35,49,5,652,468,75,Sinaloa
2020-04-16,46,39,3,698,507,78,Sinaloa
2020-04-17,50,38,5,748,545,83,Sinaloa
2020-04-18,44,29,5,792,574,88,Sinaloa
2020-04-19,59,33,4,851,607,92,Sinaloa
2020-04-20,84,61,9,935,668,101,Sinaloa
2020-04-21,36,47,5,971,715,106,Sinaloa
2020-04-22,42,51,7,1013,766,113,Sinaloa
2020-04-23,47,67,7,1060,833,120,Sinaloa
2020-04-24,55,73,6,1115,906,126,Sinaloa
2020-04-25,54,42,10,1169,948,136,Sinaloa
2020-04-26,25,36,8,1194,984,144,Sinaloa
2020-04-27,31,70,9,1225,1054,153,Sinaloa
2020-04-28,19,45,4,1244,1099,157,Sinaloa
2020-04-29,34,55,5,1278,1154,162,Sinaloa
2020-04-30,18,57,7,1296,1211,169,Sinaloa
2020-05-01,15,30,9,1311,1241,178,Sinaloa
2020-05-02,3,42,1,1314,1283,179,Sinaloa
2020-05-03,4,18,2,1318,1301,181,Sinaloa
2020-05-04,1,15,1,1319,1316,182,Sinaloa
2020-05-05,0,1,11,1319,1317,193,Sinaloa
2020-05-06,0,2,3,1319,1319,196,Sinaloa
2020-05-07,0,0,1,1319,1319,197,Sinaloa
2020-03-11,2,0,0,2,0,0,Sonora
2020-03-12,2,0,0,4,0,0,Sonora
2020-03-13,0,0,0,4,0,0,Sonora
2020-03-14,0,0,0,4,0,0,Sonora
2020-03-15,0,1,0,4,1,0,Sonora
2020-03-16,2,0,0,6,1,0,Sonora
2020-03-17,4,1,0,10,2,0,Sonora
2020-03-18,1,0,0,11,2,0,Sonora
2020-03-19,2,0,0,13,2,0,Sonora
2020-03-20,1,1,0,14,3,0,Sonora
2020-03-21,0,1,0,14,4,0,Sonora
2020-03-22,2,0,0,16,4,0,Sonora
2020-03-23,4,3,0,20,7,0,Sonora
2020-03-24,3,4,0,23,11,0,Sonora
2020-03-25,2,2,0,25,13,0,Sonora
2020-03-26,3,1,0,28,14,0,Sonora
2020-03-27,4,4,0,32,18,0,Sonora
2020-03-28,5,4,0,37,22,0,Sonora
2020-03-29,0,0,0,37,22,0,Sonora
2020-03-30,1,1,1,38,23,1,Sonora
2020-03-31,4,5,0,42,28,1,Sonora
2020-04-01,8,1,0,50,29,1,Sonora
2020-04-02,2,2,0,52,31,1,Sonora
2020-04-03,5,1,0,57,32,1,Sonora
2020-04-04,7,6,0,64,38,1,Sonora
2020-04-05,5,2,1,69,40,2,Sonora
2020-04-06,19,12,1,88,52,3,Sonora
2020-04-07,4,8,1,92,60,4,Sonora
2020-04-08,4,9,1,96,69,5,Sonora
2020-04-09,9,4,1,105,73,6,Sonora
2020-04-10,12,4,0,117,77,6,Sonora
2020-04-11,5,4,1,122,81,7,Sonora
2020-04-12,6,3,3,128,84,10,Sonora
2020-04-13,6,14,0,134,98,10,Sonora
2020-04-14,5,4,1,139,102,11,Sonora
2020-04-15,3,9,1,142,111,12,Sonora
2020-04-16,10,6,0,152,117,12,Sonora
2020-04-17,12,6,1,164,123,13,Sonora
2020-04-18,13,9,0,177,132,13,Sonora
2020-04-19,12,5,0,189,137,13,Sonora
2020-04-20,22,7,1,211,144,14,Sonora
2020-04-21,11,13,2,222,157,16,Sonora
2020-04-22,12,13,2,234,170,18,Sonora
2020-04-23,17,5,0,251,175,18,Sonora
2020-04-24,15,16,1,266,191,19,Sonora
2020-04-25,15,7,1,281,198,20,Sonora
2020-04-26,14,15,0,295,213,20,Sonora
2020-04-27,15,28,1,310,241,21,Sonora
2020-04-28,9,10,1,319,251,22,Sonora
2020-04-29,7,15,1,326,266,23,Sonora
2020-04-30,8,15,0,334,281,23,Sonora
2020-05-01,8,13,0,342,294,23,Sonora
2020-05-02,6,23,1,348,317,24,Sonora
2020-05-03,1,12,0,349,329,24,Sonora
2020-05-04,1,21,1,350,350,25,Sonora
2020-05-05,0,0,0,350,350,25,Sonora
2020-05-06,0,0,0,350,350,25,Sonora
2020-05-07,0,0,0,350,350,25,Sonora
2020-03-09,3,0,0,3,0,0,Tabasco
2020-03-10,2,0,0,5,0,0,Tabasco
2020-03-11,0,0,0,5,0,0,Tabasco
2020-03-12,0,0,0,5,0,0,Tabasco
2020-03-13,2,0,0,7,0,0,Tabasco
2020-03-14,2,0,0,9,0,0,Tabasco
2020-03-15,1,0,0,10,0,0,Tabasco
2020-03-16,3,0,0,13,0,0,Tabasco
2020-03-17,2,1,0,15,1,0,Tabasco
2020-03-18,5,2,0,20,3,0,Tabasco
2020-03-19,8,2,0,28,5,0,Tabasco
2020-03-20,5,2,0,33,7,0,Tabasco
2020-03-21,5,0,0,38,7,0,Tabasco
2020-03-22,4,0,0,42,7,0,Tabasco
2020-03-23,7,3,0,49,10,0,Tabasco
2020-03-24,6,12,0,55,22,0,Tabasco
2020-03-25,11,3,0,66,25,0,Tabasco
2020-03-26,6,5,0,72,30,0,Tabasco
2020-03-27,6,10,0,78,40,0,Tabasco
2020-03-28,16,1,0,94,41,0,Tabasco
2020-03-29,13,9,0,107,50,0,Tabasco
2020-03-30,12,10,0,119,60,0,Tabasco
2020-03-31,8,11,1,127,71,1,Tabasco
2020-04-01,13,8,3,140,79,4,Tabasco
2020-04-02,17,15,0,157,94,4,Tabasco
2020-04-03,13,20,1,170,114,5,Tabasco
2020-04-04,23,3,0,193,117,5,Tabasco
2020-04-05,17,8,3,210,125,8,Tabasco
2020-04-06,29,7,2,239,132,10,Tabasco
2020-04-07,31,13,0,270,145,10,Tabasco
2020-04-08,31,18,1,301,163,11,Tabasco
2020-04-09,41,12,1,342,175,12,Tabasco
2020-04-10,48,14,0,390,189,12,Tabasco
2020-04-11,25,13,1,415,202,13,Tabasco
2020-04-12,41,27,2,456,229,15,Tabasco
2020-04-13,48,31,4,504,260,19,Tabasco
2020-04-14,68,48,5,572,308,24,Tabasco
2020-04-15,46,35,3,618,343,27,Tabasco
2020-04-16,52,43,3,670,386,30,Tabasco
2020-04-17,54,57,10,724,443,40,Tabasco
2020-04-18,63,49,9,787,492,49,Tabasco
2020-04-19,69,41,8,856,533,57,Tabasco
2020-04-20,67,72,7,923,605,64,Tabasco
2020-04-21,54,83,3,977,688,67,Tabasco
2020-04-22,42,61,10,1019,749,77,Tabasco
2020-04-23,47,61,9,1066,810,86,Tabasco
2020-04-24,65,61,8,1131,871,94,Tabasco
2020-04-25,41,39,9,1172,910,103,Tabasco
2020-04-26,33,43,9,1205,953,112,Tabasco
2020-04-27,32,57,5,1237,1010,117,Tabasco
2020-04-28,43,56,8,1280,1066,125,Tabasco
2020-04-29,33,48,8,1313,1114,133,Tabasco
2020-04-30,30,78,8,1343,1192,141,Tabasco
2020-05-01,22,44,15,1365,1236,156,Tabasco
2020-05-02,12,36,10,1377,1272,166,Tabasco
2020-05-03,6,38,5,1383,1310,171,Tabasco
2020-05-04,5,55,12,1388,1365,183,Tabasco
2020-05-05,3,24,2,1391,1389,185,Tabasco
2020-05-06,0,2,3,1391,1391,188,Tabasco
2020-05-07,0,0,0,1391,1391,188,Tabasco
2020-03-13,1,0,0,1,0,0,Tamaulipas
2020-03-14,2,0,0,3,0,0,Tamaulipas
2020-03-15,0,1,0,3,1,0,Tamaulipas
2020-03-16,3,1,0,6,2,0,Tamaulipas
2020-03-17,0,0,0,6,2,0,Tamaulipas
2020-03-18,0,0,0,6,2,0,Tamaulipas
2020-03-19,0,1,0,6,3,0,Tamaulipas
2020-03-20,3,1,0,9,4,0,Tamaulipas
2020-03-21,1,0,0,10,4,0,Tamaulipas
2020-03-22,1,1,0,11,5,0,Tamaulipas
2020-03-23,1,1,0,12,6,0,Tamaulipas
2020-03-24,1,1,0,13,7,0,Tamaulipas
2020-03-25,3,0,0,16,7,0,Tamaulipas
2020-03-26,4,0,0,20,7,0,Tamaulipas
2020-03-27,3,1,0,23,8,0,Tamaulipas
2020-03-28,1,3,0,24,11,0,Tamaulipas
2020-03-29,1,3,0,25,14,0,Tamaulipas
2020-03-30,11,4,0,36,18,0,Tamaulipas
2020-03-31,5,4,0,41,22,0,Tamaulipas
2020-04-01,5,5,0,46,27,0,Tamaulipas
2020-04-02,4,1,0,50,28,0,Tamaulipas
2020-04-03,3,7,1,53,35,1,Tamaulipas
2020-04-04,7,3,1,60,38,2,Tamaulipas
2020-04-05,3,3,0,63,41,2,Tamaulipas
2020-04-06,4,9,1,67,50,3,Tamaulipas
2020-04-07,6,4,0,73,54,3,Tamaulipas
2020-04-08,3,3,0,76,57,3,Tamaulipas
2020-04-09,4,4,0,80,61,3,Tamaulipas
2020-04-10,6,3,0,86,64,3,Tamaulipas
2020-04-11,9,1,0,95,65,3,Tamaulipas
2020-04-12,7,7,0,102,72,3,Tamaulipas
2020-04-13,22,5,0,124,77,3,Tamaulipas
2020-04-14,14,16,1,138,93,4,Tamaulipas
2020-04-15,11,14,1,149,107,5,Tamaulipas
2020-04-16,18,23,0,167,130,5,Tamaulipas
2020-04-17,20,17,1,187,147,6,Tamaulipas
2020-04-18,17,6,0,204,153,6,Tamaulipas
2020-04-19,9,5,0,213,158,6,Tamaulipas
2020-04-20,23,21,3,236,179,9,Tamaulipas
2020-04-21,21,17,0,257,196,9,Tamaulipas
2020-04-22,12,17,0,269,213,9,Tamaulipas
2020-04-23,26,25,2,295,238,11,Tamaulipas
2020-04-24,12,19,0,307,257,11,Tamaulipas
2020-04-25,27,24,3,334,281,14,Tamaulipas
2020-04-26,23,21,1,357,302,15,Tamaulipas
2020-04-27,24,18,2,381,320,17,Tamaulipas
2020-04-28,14,23,1,395,343,18,Tamaulipas
2020-04-29,12,24,0,407,367,18,Tamaulipas
2020-04-30,6,11,3,413,378,21,Tamaulipas
2020-05-01,13,9,1,426,387,22,Tamaulipas
2020-05-02,2,9,4,428,396,26,Tamaulipas
2020-05-03,6,13,1,434,409,27,Tamaulipas
2020-05-04,5,15,0,439,424,27,Tamaulipas
2020-05-05,0,9,0,439,433,27,Tamaulipas
2020-05-06,1,7,1,440,440,28,Tamaulipas
2020-05-07,0,0,0,440,440,28,Tamaulipas
2020-03-16,2,0,0,2,0,0,Tlaxcala
2020-03-17,1,0,0,3,0,0,Tlaxcala
2020-03-18,0,0,0,3,0,0,Tlaxcala
2020-03-19,0,0,0,3,0,0,Tlaxcala
2020-03-20,0,0,0,3,0,0,Tlaxcala
2020-03-21,0,0,0,3,0,0,Tlaxcala
2020-03-22,1,0,0,4,0,0,Tlaxcala
2020-03-23,1,2,0,5,2,0,Tlaxcala
2020-03-24,2,2,0,7,4,0,Tlaxcala
2020-03-25,2,0,0,9,4,0,Tlaxcala
2020-03-26,0,0,0,9,4,0,Tlaxcala
2020-03-27,1,1,0,10,5,0,Tlaxcala
2020-03-28,9,2,0,19,7,0,Tlaxcala
2020-03-29,2,0,0,21,7,0,Tlaxcala
2020-03-30,4,1,0,25,8,0,Tlaxcala
2020-03-31,3,0,0,28,8,0,Tlaxcala
2020-04-01,5,4,0,33,12,0,Tlaxcala
2020-04-02,4,1,0,37,13,0,Tlaxcala
2020-04-03,5,0,0,42,13,0,Tlaxcala
2020-04-04,8,2,0,50,15,0,Tlaxcala
2020-04-05,2,5,0,52,20,0,Tlaxcala
2020-04-06,4,8,0,56,28,0,Tlaxcala
2020-04-07,6,7,0,62,35,0,Tlaxcala
2020-04-08,10,6,1,72,41,1,Tlaxcala
2020-04-09,2,1,0,74,42,1,Tlaxcala
2020-04-10,12,7,0,86,49,1,Tlaxcala
2020-04-11,1,7,0,87,56,1,Tlaxcala
2020-04-12,2,2,3,89,58,4,Tlaxcala
2020-04-13,7,7,0,96,65,4,Tlaxcala
2020-04-14,13,7,1,109,72,5,Tlaxcala
2020-04-15,9,4,0,118,76,5,Tlaxcala
2020-04-16,10,6,0,128,82,5,Tlaxcala
2020-04-17,7,6,1,135,88,6,Tlaxcala
2020-04-18,9,5,0,144,93,6,Tlaxcala
2020-04-19,9,10,2,153,103,8,Tlaxcala
2020-04-20,22,9,0,175,112,8,Tlaxcala
2020-04-21,17,9,2,192,121,10,Tlaxcala
2020-04-22,8,7,2,200,128,12,Tlaxcala
2020-04-23,10,12,1,210,140,13,Tlaxcala
2020-04-24,14,14,1,224,154,14,Tlaxcala
2020-04-25,15,21,2,239,175,16,Tlaxcala
2020-04-26,12,12,2,251,187,18,Tlaxcala
2020-04-27,15,15,3,266,202,21,Tlaxcala
2020-04-28,4,23,4,270,225,25,Tlaxcala
2020-04-29,11,9,3,281,234,28,Tlaxcala
2020-04-30,14,13,2,295,247,30,Tlaxcala
2020-05-01,5,9,1,300,256,31,Tlaxcala
2020-05-02,7,16,2,307,272,33,Tlaxcala
2020-05-03,3,7,1,310,279,34,Tlaxcala
2020-05-04,2,21,5,312,300,39,Tlaxcala
2020-05-05,1,9,2,313,309,41,Tlaxcala
2020-05-06,0,4,1,313,313,42,Tlaxcala
2020-05-07,0,0,1,313,313,43,Tlaxcala
2020-01-08,1,1,0,1,1,0,Veracruz
2020-01-09,0,0,0,1,1,0,Veracruz
2020-01-10,0,0,0,1,1,0,Veracruz
2020-01-11,0,0,0,1,1,0,Veracruz
2020-01-12,0,0,0,1,1,0,Veracruz
2020-01-13,0,0,0,1,1,0,Veracruz
2020-01-14,0,0,0,1,1,0,Veracruz
2020-01-15,0,0,0,1,1,0,Veracruz
2020-01-16,0,0,0,1,1,0,Veracruz
2020-01-17,0,0,0,1,1,0,Veracruz
2020-01-18,0,0,0,1,1,0,Veracruz
2020-01-19,0,0,0,1,1,0,Veracruz
2020-01-20,0,0,0,1,1,0,Veracruz
2020-01-21,0,0,0,1,1,0,Veracruz
2020-01-22,0,0,0,1,1,0,Veracruz
2020-01-23,0,0,0,1,1,0,Veracruz
2020-01-24,0,0,0,1,1,0,Veracruz
2020-01-25,0,0,0,1,1,0,Veracruz
2020-01-26,0,0,0,1,1,0,Veracruz
2020-01-27,0,0,0,1,1,0,Veracruz
2020-01-28,0,0,0,1,1,0,Veracruz
2020-01-29,0,0,0,1,1,0,Veracruz
2020-01-30,0,0,0,1,1,0,Veracruz
2020-01-31,0,0,0,1,1,0,Veracruz
2020-02-01,0,0,0,1,1,0,Veracruz
2020-02-02,0,0,0,1,1,0,Veracruz
2020-02-03,0,0,0,1,1,0,Veracruz
2020-02-04,0,0,0,1,1,0,Veracruz
2020-02-05,0,0,0,1,1,0,Veracruz
2020-02-06,0,0,0,1,1,0,Veracruz
2020-02-07,0,0,0,1,1,0,Veracruz
2020-02-08,0,0,0,1,1,0,Veracruz
2020-02-09,0,0,0,1,1,0,Veracruz
2020-02-10,0,0,0,1,1,0,Veracruz
2020-02-11,0,0,0,1,1,0,Veracruz
2020-02-12,0,0,0,1,1,0,Veracruz
2020-02-13,0,0,0,1,1,0,Veracruz
2020-02-14,0,0,0,1,1,0,Veracruz
2020-02-15,0,0,0,1,1,0,Veracruz
2020-02-16,0,0,0,1,1,0,Veracruz
2020-02-17,0,0,0,1,1,0,Veracruz
2020-02-18,0,0,0,1,1,0,Veracruz
2020-02-19,0,0,0,1,1,0,Veracruz
2020-02-20,0,0,0,1,1,0,Veracruz
2020-02-21,0,0,0,1,1,0,Veracruz
2020-02-22,0,0,0,1,1,0,Veracruz
2020-02-23,0,0,0,1,1,0,Veracruz
2020-02-24,0,0,0,1,1,0,Veracruz
2020-02-25,0,0,0,1,1,0,Veracruz
2020-02-26,0,0,0,1,1,0,Veracruz
2020-02-27,0,0,0,1,1,0,Veracruz
2020-02-28,0,0,0,1,1,0,Veracruz
2020-02-29,0,0,0,1,1,0,Veracruz
2020-03-01,0,0,0,1,1,0,Veracruz
2020-03-02,0,0,0,1,1,0,Veracruz
2020-03-03,1,0,0,2,1,0,Veracruz
2020-03-04,0,0,0,2,1,0,Veracruz
2020-03-05,0,0,0,2,1,0,Veracruz
2020-03-06,0,0,0,2,1,0,Veracruz
2020-03-07,0,0,0,2,1,0,Veracruz
2020-03-08,0,0,0,2,1,0,Veracruz
2020-03-09,0,0,0,2,1,0,Veracruz
2020-03-10,0,0,0,2,1,0,Veracruz
2020-03-11,0,0,0,2,1,0,Veracruz
2020-03-12,4,0,0,6,1,0,Veracruz
2020-03-13,0,0,0,6,1,0,Veracruz
2020-03-14,3,0,0,9,1,0,Veracruz
2020-03-15,2,2,0,11,3,0,Veracruz
2020-03-16,2,0,0,13,3,0,Veracruz
2020-03-17,2,0,0,15,3,0,Veracruz
2020-03-18,4,7,0,19,10,0,Veracruz
2020-03-19,2,5,0,21,15,0,Veracruz
2020-03-20,7,1,0,28,16,0,Veracruz
2020-03-21,1,1,0,29,17,0,Veracruz
2020-03-22,1,0,0,30,17,0,Veracruz
2020-03-23,5,4,0,35,21,0,Veracruz
2020-03-24,0,2,0,35,23,0,Veracruz
2020-03-25,3,2,0,38,25,0,Veracruz
2020-03-26,4,4,0,42,29,0,Veracruz
2020-03-27,4,1,0,46,30,0,Veracruz
2020-03-28,3,1,1,49,31,1,Veracruz
2020-03-29,4,1,0,53,32,1,Veracruz
2020-03-30,5,3,0,58,35,1,Veracruz
2020-03-31,5,2,0,63,37,1,Veracruz
2020-04-01,4,8,1,67,45,2,Veracruz
2020-04-02,10,5,0,77,50,2,Veracruz
2020-04-03,6,7,1,83,57,3,Veracruz
2020-04-04,5,2,0,88,59,3,Veracruz
2020-04-05,8,2,0,96,61,3,Veracruz
2020-04-06,8,6,0,104,67,3,Veracruz
2020-04-07,13,9,0,117,76,3,Veracruz
2020-04-08,19,5,0,136,81,3,Veracruz
2020-04-09,16,11,1,152,92,4,Veracruz
2020-04-10,17,8,0,169,100,4,Veracruz
2020-04-11,19,10,0,188,110,4,Veracruz
2020-04-12,25,9,3,213,119,7,Veracruz
2020-04-13,29,13,1,242,132,8,Veracruz
2020-04-14,20,11,1,262,143,9,Veracruz
2020-04-15,33,28,0,295,171,9,Veracruz
2020-04-16,28,36,1,323,207,10,Veracruz
2020-04-17,28,34,1,351,241,11,Veracruz
2020-04-18,38,18,2,389,259,13,Veracruz
2020-04-19,26,16,4,415,275,17,Veracruz
2020-04-20,65,34,3,480,309,20,Veracruz
2020-04-21,40,42,3,520,351,23,Veracruz
2020-04-22,37,26,4,557,377,27,Veracruz
2020-04-23,43,51,2,600,428,29,Veracruz
2020-04-24,59,44,4,659,472,33,Veracruz
2020-04-25,50,42,9,709,514,42,Veracruz
2020-04-26,37,29,8,746,543,50,Veracruz
2020-04-27,53,64,6,799,607,56,Veracruz
2020-04-28,50,67,2,849,674,58,Veracruz
2020-04-29,26,63,11,875,737,69,Veracruz
2020-04-30,17,43,2,892,780,71,Veracruz
2020-05-01,20,41,2,912,821,73,Veracruz
2020-05-02,9,43,10,921,864,83,Veracruz
2020-05-03,5,29,5,926,893,88,Veracruz
2020-05-04,0,22,5,926,915,93,Veracruz
2020-05-05,0,11,2,926,926,95,Veracruz
2020-05-06,0,0,4,926,926,99,Veracruz
2020-05-07,0,0,0,926,926,99,Veracruz
2020-03-07,1,0,0,1,0,0,Yucatán
2020-03-08,4,1,0,5,1,0,Yucatán
2020-03-09,1,0,0,6,1,0,Yucatán
2020-03-10,3,0,0,9,1,0,Yucatán
2020-03-11,3,0,0,12,1,0,Yucatán
2020-03-12,1,1,0,13,2,0,Yucatán
2020-03-13,5,0,0,18,2,0,Yucatán
2020-03-14,3,0,0,21,2,0,Yucatán
2020-03-15,1,4,0,22,6,0,Yucatán
2020-03-16,2,2,0,24,8,0,Yucatán
2020-03-17,5,6,0,29,14,0,Yucatán
2020-03-18,5,0,0,34,14,0,Yucatán
2020-03-19,9,2,0,43,16,0,Yucatán
2020-03-20,3,4,0,46,20,0,Yucatán
2020-03-21,4,0,0,50,20,0,Yucatán
2020-03-22,5,8,0,55,28,0,Yucatán
2020-03-23,3,5,0,58,33,0,Yucatán
2020-03-24,3,8,0,61,41,0,Yucatán
2020-03-25,1,3,0,62,44,0,Yucatán
2020-03-26,3,0,0,65,44,0,Yucatán
2020-03-27,4,2,0,69,46,0,Yucatán
2020-03-28,6,4,0,75,50,0,Yucatán
2020-03-29,7,2,0,82,52,0,Yucatán
2020-03-30,5,10,0,87,62,0,Yucatán
2020-03-31,5,4,0,92,66,0,Yucatán
2020-04-01,6,8,0,98,74,0,Yucatán
2020-04-02,7,2,0,105,76,0,Yucatán
2020-04-03,11,8,2,116,84,2,Yucatán
2020-04-04,6,2,0,122,86,2,Yucatán
2020-04-05,4,5,0,126,91,2,Yucatán
2020-04-06,11,11,1,137,102,3,Yucatán
2020-04-07,11,11,2,148,113,5,Yucatán
2020-04-08,12,9,0,160,122,5,Yucatán
2020-04-09,3,11,0,163,133,5,Yucatán
2020-04-10,7,4,2,170,137,7,Yucatán
2020-04-11,16,6,0,186,143,7,Yucatán
2020-04-12,18,5,0,204,148,7,Yucatán
2020-04-13,15,16,1,219,164,8,Yucatán
2020-04-14,10,19,0,229,183,8,Yucatán
2020-04-15,12,23,2,241,206,10,Yucatán
2020-04-16,18,13,1,259,219,11,Yucatán
2020-04-17,18,16,1,277,235,12,Yucatán
2020-04-18,22,4,0,299,239,12,Yucatán
2020-04-19,25,6,1,324,245,13,Yucatán
2020-04-20,29,26,1,353,271,14,Yucatán
2020-04-21,31,20,3,384,291,17,Yucatán
2020-04-22,13,20,1,397,311,18,Yucatán
2020-04-23,30,32,4,427,343,22,Yucatán
2020-04-24,37,33,2,464,376,24,Yucatán
2020-04-25,34,23,1,498,399,25,Yucatán
2020-04-26,37,19,0,535,418,25,Yucatán
2020-04-27,49,37,1,584,455,26,Yucatán
2020-04-28,29,42,3,613,497,29,Yucatán
2020-04-29,17,32,2,630,529,31,Yucatán
2020-04-30,36,58,0,666,587,31,Yucatán
2020-05-01,18,20,1,684,607,32,Yucatán
2020-05-02,19,21,2,703,628,34,Yucatán
2020-05-03,10,28,1,713,656,35,Yucatán
2020-05-04,7,36,1,720,692,36,Yucatán
2020-05-05,1,24,3,721,716,39,Yucatán
2020-05-06,0,5,0,721,721,39,Yucatán
2020-05-07,0,0,0,721,721,39,Yucatán
2020-03-09,1,0,0,1,0,0,Zacatecas
2020-03-10,0,0,0,1,0,0,Zacatecas
2020-03-11,0,0,0,1,0,0,Zacatecas
2020-03-12,1,0,0,2,0,0,Zacatecas
2020-03-13,0,0,0,2,0,0,Zacatecas
2020-03-14,0,0,0,2,0,0,Zacatecas
2020-03-15,0,0,0,2,0,0,Zacatecas
2020-03-16,1,1,0,3,1,0,Zacatecas
2020-03-17,1,0,0,4,1,0,Zacatecas
2020-03-18,1,0,0,5,1,0,Zacatecas
2020-03-19,3,0,0,8,1,0,Zacatecas
2020-03-20,0,1,0,8,2,0,Zacatecas
2020-03-21,2,1,0,10,3,0,Zacatecas
2020-03-22,1,1,0,11,4,0,Zacatecas
2020-03-23,0,0,0,11,4,0,Zacatecas
2020-03-24,0,1,0,11,5,0,Zacatecas
2020-03-25,0,0,0,11,5,0,Zacatecas
2020-03-26,0,0,0,11,5,0,Zacatecas
2020-03-27,0,4,0,11,9,0,Zacatecas
2020-03-28,0,1,0,11,10,0,Zacatecas
2020-03-29,0,0,0,11,10,0,Zacatecas
2020-03-30,0,0,0,11,10,0,Zacatecas
2020-03-31,2,0,1,13,10,1,Zacatecas
2020-04-01,0,0,0,13,10,1,Zacatecas
2020-04-02,2,1,0,15,11,1,Zacatecas
2020-04-03,2,0,0,17,11,1,Zacatecas
2020-04-04,0,1,1,17,12,2,Zacatecas
2020-04-05,0,1,0,17,13,2,Zacatecas
2020-04-06,0,1,0,17,14,2,Zacatecas
2020-04-07,1,0,0,18,14,2,Zacatecas
2020-04-08,6,2,0,24,16,2,Zacatecas
2020-04-09,1,1,0,25,17,2,Zacatecas
2020-04-10,4,0,0,29,17,2,Zacatecas
2020-04-11,4,2,0,33,19,2,Zacatecas
2020-04-12,2,1,0,35,20,2,Zacatecas
2020-04-13,2,0,0,37,20,2,Zacatecas
2020-04-14,3,1,0,40,21,2,Zacatecas
2020-04-15,1,6,0,41,27,2,Zacatecas
2020-04-16,6,2,0,47,29,2,Zacatecas
2020-04-17,2,2,0,49,31,2,Zacatecas
2020-04-18,5,7,0,54,38,2,Zacatecas
2020-04-19,6,1,1,60,39,3,Zacatecas
2020-04-20,5,9,0,65,48,3,Zacatecas
2020-04-21,2,2,0,67,50,3,Zacatecas
2020-04-22,4,2,0,71,52,3,Zacatecas
2020-04-23,2,7,1,73,59,4,Zacatecas
2020-04-24,3,5,0,76,64,4,Zacatecas
2020-04-25,2,3,0,78,67,4,Zacatecas
2020-04-26,4,3,1,82,70,5,Zacatecas
2020-04-27,16,3,1,98,73,6,Zacatecas
2020-04-28,7,10,1,105,83,7,Zacatecas
2020-04-29,8,8,1,113,91,8,Zacatecas
2020-04-30,4,5,1,117,96,9,Zacatecas
2020-05-01,4,7,1,121,103,10,Zacatecas
2020-05-02,1,7,2,122,110,12,Zacatecas
2020-05-03,0,2,4,122,112,16,Zacatecas
2020-05-04,2,5,1,124,117,17,Zacatecas
2020-05-05,0,5,1,124,122,18,Zacatecas
2020-05-06,0,2,0,124,124,18,Zacatecas
2020-05-07,0,0,0,124,124,18,Zacatecas
